id,Title,first_name,last_name,email,credit-limit,account-opened,balance
1,Rev,Marthe,Widdison,mwiddisonqd@hibu.com,3,11/01/2017,989.99
2,Mrs,Tadd,Kubis,tkubisqe@1688.com,4,24/05/2017,991.02
3,Honorable,Cletus,Priddey,cpriddeyqf@tamu.edu,6,07/02/2017,603.86
4,Honorable,Quintin,Keetley,qkeetleyqg@ox.ac.uk,9,01/08/2017,678.77
5,Honorable,Les,Penhalewick,lpenhalewickqh@hugedomains.com,7,01/12/2017,658.05
6,Ms,Artus,Biddlecombe,abiddlecombeqi@chicagotribune.com,3,10/02/2017,568.51
7,Ms,Marcella,Duetschens,mduetschensqj@state.gov,3,26/09/2017,561.98
8,Mrs,Damian,Crosscombe,dcrosscombeqk@parallels.com,8,12/05/2017,959.39
9,Honorable,Virginie,Tyndall,vtyndallql@google.com.au,10,24/05/2017,851.5
10,Honorable,Jemie,Bernardot,jbernardotqm@mapy.cz,9,04/08/2017,422.83
11,Rev,Cherin,Murrell,cmurrellqn@nydailynews.com,1,05/08/2017,41.05
12,Mrs,Nahum,Bowes,nbowesqo@woothemes.com,6,28/05/2017,491.62
13,Dr,Lynnell,Auchterlonie,lauchterlonieqp@ucoz.ru,1,29/05/2017,184.02
14,Dr,Rem,Dust,rdustqq@latimes.com,6,22/12/2017,853.02
15,Mr,Luis,Wringe,lwringeqr@hc360.com,10,24/02/2017,884.37
16,Rev,Felicle,Haswell,fhaswellqs@livejournal.com,8,11/08/2017,347.66
17,Mrs,Tresa,O'Kinneally,tokinneallyqt@wsj.com,3,14/06/2017,573.04
18,Mr,Richmound,Choffin,rchoffinqu@mediafire.com,7,15/12/2017,373.47
19,Mr,Ermina,Rizzi,erizziqv@fc2.com,1,09/11/2017,427.05
20,Honorable,Forbes,Alan,falanqw@icq.com,2,17/05/2017,838.76
21,Mrs,Bertha,Tooth,btoothqx@cnbc.com,4,14/11/2017,786.79
