id,Title,first_name,last_name,email,credit-limit,account-opened,balance
1,Mrs,Worthington,Parrot,wparrot0@ibm.com,6,01/03/2017,757.05
2,Mrs,Mira,Jaggard,mjaggard1@squarespace.com,5,01/09/2017,620.54
3,Honorable,Evvie,Ariss,eariss2@icio.us,5,24/02/2017,280.04
4,Mr,Carling,Cranidge,ccranidge3@angelfire.com,7,22/12/2017,207.38
5,Dr,Jock,Beardmore,jbeardmore4@rediff.com,2,23/02/2017,690.71
6,Rev,Saxe,Dibbert,sdibbert5@ca.gov,4,16/01/2017,735.16
7,Honorable,Zenia,Kift,zkift6@issuu.com,5,29/07/2017,968.74
8,Mr,Alleen,Sackes,asackes7@mediafire.com,4,29/01/2017,926.92
9,Dr,Skelly,Kwietak,skwietak8@technorati.com,8,17/04/2017,593.2
10,Mrs,Andreana,Bread,abread9@google.com.hk,2,26/02/2017,99.44
11,Mr,Henri,Laurant,hlauranta@indiegogo.com,3,30/10/2017,757.46
12,Mr,Fidel,Maleby,fmalebyb@sogou.com,1,02/03/2017,505.31
13,Honorable,Shellysheldon,Battson,sbattsonc@addtoany.com,7,28/06/2017,985.15
14,Mr,Aylmer,Nornable,anornabled@angelfire.com,1,17/11/2017,400.35
15,Mrs,Corilla,Aldington,caldingtone@list-manage.com,8,05/11/2017,539.7
16,Honorable,Querida,Leake,qleakef@123-reg.co.uk,5,13/12/2017,719.54
17,Mrs,Far,Dake,fdakeg@angelfire.com,10,07/03/2017,168.76
18,Honorable,Loise,Sleeford,lsleefordh@dmoz.org,6,01/10/2017,184.94
19,Ms,Terri,Lusk,tluski@cornell.edu,10,11/12/2017,799.05
20,Rev,Nicholas,Mattiassi,nmattiassij@free.fr,10,09/07/2017,901.08
21,Mrs,Cyndi,Mace,cmacek@indiegogo.com,10,17/07/2017,598.84
22,Dr,Nady,Boig,nboigl@howstuffworks.com,5,02/08/2017,313.89
23,Dr,Pepi,Lydall,plydallm@pbs.org,8,07/09/2017,137.15
24,Dr,Rozalie,Whiston,rwhistonn@youku.com,8,02/10/2017,956.18
25,Ms,Kirby,MacLaughlin,kmaclaughlino@microsoft.com,3,27/04/2017,742.9
26,Rev,Jake,Thireau,jthireaup@list-manage.com,9,14/05/2017,35.08
27,Honorable,Bendicty,Borges,bborgesq@jigsy.com,10,12/06/2017,677.55
28,Ms,Ragnar,Arpin,rarpinr@nytimes.com,10,05/07/2017,541.98
29,Mr,Melesa,Faulder,mfaulders@1688.com,5,28/11/2017,854.68
30,Honorable,Benjy,McKinnon,bmckinnont@alibaba.com,9,25/11/2017,408.55
31,Rev,Adoree,Greenlees,agreenleesu@amazon.co.uk,6,12/08/2017,35.94
32,Mrs,Lorry,Leuren,lleurenv@mlb.com,1,21/10/2017,655.14
33,Mr,Johnette,Champneys,jchampneysw@sun.com,3,15/08/2017,768.97
34,Dr,Noami,Nesbitt,nnesbittx@hhs.gov,5,04/10/2017,469.96
35,Rev,Cara,Ganiclef,cganiclefy@g.co,2,13/12/2017,2.87
36,Honorable,Ryann,Mattityahou,rmattityahouz@nytimes.com,2,25/10/2017,951.52
37,Dr,Jeramie,Kenchington,jkenchington10@about.me,4,23/10/2017,963.98
38,Rev,Rowney,Hembery,rhembery11@deviantart.com,3,28/08/2017,673.09
39,Rev,Emery,Utterson,eutterson12@prweb.com,10,26/02/2017,640.62
40,Rev,Rogers,Duffyn,rduffyn13@geocities.jp,5,18/06/2017,645.84
41,Mrs,Tori,Gilliat,tgilliat14@booking.com,7,17/10/2017,309.17
42,Rev,Colan,Hadley,chadley15@hud.gov,1,14/02/2017,965.93
43,Honorable,Vincenz,Toffaloni,vtoffaloni16@chicagotribune.com,7,13/10/2017,920.08
44,Mrs,Tybie,Coade,tcoade17@reference.com,9,31/03/2017,736.37
45,Mr,Kennith,Durker,kdurker18@pcworld.com,6,17/01/2017,546.67
46,Honorable,Read,Fairfull,rfairfull19@addthis.com,2,22/05/2017,237.48
47,Mrs,Frasier,Local,flocal1a@freewebs.com,3,19/04/2017,455.56
48,Dr,Lea,Kinlock,lkinlock1b@flavors.me,9,13/03/2017,136.98
49,Honorable,Livvyy,Curgenven,lcurgenven1c@devhub.com,4,30/07/2017,726.59
50,Ms,Catlee,Jeffcoat,cjeffcoat1d@miitbeian.gov.cn,7,28/01/2017,142.42
51,Honorable,Leelah,Heady,lheady1e@ted.com,7,10/12/2017,811.66
52,Ms,Ailey,Dinsell,adinsell1f@xrea.com,4,06/05/2017,462.82
53,Dr,Codi,MacCurtain,cmaccurtain1g@globo.com,10,09/02/2017,163.12
54,Honorable,Abel,Lowery,alowery1h@apache.org,1,10/05/2017,941.94
55,Ms,Brian,Smolan,bsmolan1i@answers.com,6,10/06/2017,785.3
56,Rev,Ramonda,Nollet,rnollet1j@goo.ne.jp,7,14/06/2017,243.47
57,Rev,Allyce,Izakov,aizakov1k@google.com.au,3,08/07/2017,45.71
58,Mr,Justinian,Feldbau,jfeldbau1l@e-recht24.de,8,15/05/2017,728.91
59,Mr,Rawley,Schollar,rschollar1m@jalbum.net,8,23/09/2017,985.08
60,Rev,Carolin,Grey,cgrey1n@bandcamp.com,5,19/01/2017,527.21
61,Mrs,Carolee,Carrivick,ccarrivick1o@amazon.co.jp,8,21/02/2017,479.99
62,Mr,Therese,Dunwoody,tdunwoody1p@shareasale.com,6,27/03/2017,762.95
63,Dr,Mead,Bruggeman,mbruggeman1q@blogspot.com,4,17/03/2017,947.46
64,Rev,Justin,Longmate,jlongmate1r@ucsd.edu,7,29/05/2017,260.34
65,Mrs,Ambrose,Drinkel,adrinkel1s@craigslist.org,3,16/05/2017,586.53
66,Ms,Royal,Copas,rcopas1t@google.co.uk,9,10/05/2017,319.99
67,Rev,Rita,Bitterton,rbitterton1u@twitpic.com,3,24/12/2017,252.45
68,Mr,Vinni,Graffin,vgraffin1v@nsw.gov.au,10,09/03/2017,626.3
69,Mrs,Harlan,Cowterd,hcowterd1w@epa.gov,4,31/05/2017,204.59
70,Mr,Ferd,Sawrey,fsawrey1x@comcast.net,2,31/03/2017,907.27
71,Mr,Dall,Wakeley,dwakeley1y@phoca.cz,1,22/02/2017,962.26
72,Honorable,Barb,Aspel,baspel1z@aol.com,5,07/05/2017,237.5
73,Honorable,Moria,Veivers,mveivers20@umn.edu,7,02/06/2017,773.33
74,Ms,Kellen,Cleave,kcleave21@de.vu,3,10/03/2017,285.03
75,Mrs,Kitti,Pomfrett,kpomfrett22@51.la,6,25/03/2017,965.09
76,Ms,Gustavus,Bredee,gbredee23@histats.com,5,26/03/2017,888.58
77,Honorable,Sandro,Cranna,scranna24@disqus.com,7,10/11/2017,147.92
78,Dr,Dene,Cobley,dcobley25@sun.com,10,26/11/2017,11.23
79,Honorable,Ralina,Mathiassen,rmathiassen26@cnn.com,3,14/03/2017,928.01
80,Ms,Leonard,Sigsworth,lsigsworth27@bigcartel.com,6,07/10/2017,838.24
81,Mr,Geri,Kenningley,gkenningley28@stanford.edu,6,21/06/2017,214.99
82,Ms,Tilly,Gormley,tgormley29@cornell.edu,2,08/12/2017,386.12
83,Rev,Linoel,Renon,lrenon2a@google.co.jp,8,23/03/2017,847.14
84,Mr,Silvio,Dillway,sdillway2b@typepad.com,8,12/02/2017,940.42
85,Mr,Burton,Lefort,blefort2c@chron.com,5,24/09/2017,858.34
86,Mr,Wenonah,L'oiseau,wloiseau2d@acquirethisname.com,10,16/12/2017,965.62
87,Ms,Maynard,Eastop,meastop2e@sogou.com,6,07/05/2017,247.16
88,Mr,Gerhardine,Loughney,gloughney2f@yahoo.co.jp,2,05/10/2017,768.12
89,Mrs,Cathie,Nelsen,cnelsen2g@usgs.gov,1,01/09/2017,296.65
90,Mrs,Gianina,Lowten,glowten2h@ft.com,1,28/11/2017,332.74
91,Dr,Murvyn,Sirl,msirl2i@cdc.gov,4,16/09/2017,560.97
92,Honorable,Boycey,Grattage,bgrattage2j@quantcast.com,1,17/05/2017,579.66
93,Mrs,Tannie,Pennick,tpennick2k@flavors.me,7,03/05/2017,804.81
94,Rev,Letizia,Hanley,lhanley2l@twitter.com,4,23/12/2017,308.04
95,Honorable,Ashely,Raye,araye2m@europa.eu,1,19/01/2017,848.7
96,Honorable,Kimberley,Halahan,khalahan2n@bluehost.com,8,27/11/2017,559.62
97,Honorable,Romola,Allan,rallan2o@etsy.com,8,27/01/2017,612.07
98,Ms,Julienne,Steger,jsteger2p@weibo.com,6,23/01/2017,750.03
99,Rev,Tomaso,McGirr,tmcgirr2q@yolasite.com,9,21/06/2017,338.29
100,Mr,Sherrie,Tittletross,stittletross2r@npr.org,2,10/02/2017,956.26
101,Mr,Valry,O'Mohun,vomohun2s@ehow.com,2,04/07/2017,376.7
102,Dr,Karl,Ruggieri,kruggieri2t@nasa.gov,10,27/07/2017,850.85
103,Mrs,Morlee,Cattermoul,mcattermoul2u@unicef.org,2,28/02/2017,654.73
104,Ms,Korey,Szubert,kszubert2v@scribd.com,9,05/06/2017,928.99
105,Ms,Abba,Kleingrub,akleingrub2w@narod.ru,5,25/04/2017,555.8
106,Mr,Vinnie,Menear,vmenear2x@themeforest.net,4,22/05/2017,391.8
107,Honorable,Armstrong,Teece,ateece2y@pinterest.com,4,22/10/2017,447.92
108,Ms,Gusella,Pinkie,gpinkie2z@delicious.com,1,12/04/2017,912.56
109,Mr,Cullie,Farrants,cfarrants30@e-recht24.de,6,13/08/2017,425.83
110,Honorable,Patric,Menham,pmenham31@cbc.ca,10,20/03/2017,420.64
111,Mrs,Dulcea,Mattisson,dmattisson32@xinhuanet.com,9,21/04/2017,774.58
112,Mrs,Bria,Drugan,bdrugan33@dagondesign.com,3,17/03/2017,690.2
113,Mrs,Bastian,Poyser,bpoyser34@cafepress.com,7,19/11/2017,282.77
114,Dr,Hank,Latter,hlatter35@nifty.com,5,28/12/2017,121.55
115,Mrs,Oralie,Veelers,oveelers36@myspace.com,7,13/01/2017,708.79
116,Ms,Brandtr,MacDirmid,bmacdirmid37@weebly.com,3,31/05/2017,785.46
117,Rev,Ingmar,Moran,imoran38@myspace.com,5,12/07/2017,719
118,Rev,Lettie,Hellens,lhellens39@meetup.com,1,15/06/2017,655.72
119,Mr,Brandyn,Moden,bmoden3a@un.org,2,16/09/2017,788.43
120,Rev,Giselbert,Wilshire,gwilshire3b@yahoo.co.jp,7,29/09/2017,661.34
121,Mr,Leena,Klesel,lklesel3c@mozilla.org,8,18/04/2017,882.02
122,Honorable,Izabel,Dorsey,idorsey3d@vinaora.com,2,14/07/2017,953.38
123,Honorable,Barbi,Ramsden,bramsden3e@shareasale.com,8,10/03/2017,852.74
124,Dr,Leshia,Austwick,laustwick3f@themeforest.net,1,28/10/2017,520.24
125,Ms,Timothy,Caret,tcaret3g@mediafire.com,7,25/12/2017,678.1
126,Ms,Margaretha,Palfreeman,mpalfreeman3h@usa.gov,1,01/06/2017,688.46
127,Mrs,Valentia,Folomkin,vfolomkin3i@blogs.com,9,12/12/2017,647.64
128,Mrs,Juan,Halstead,jhalstead3j@angelfire.com,3,16/09/2017,321.62
129,Mr,Sheila,Norfolk,snorfolk3k@shop-pro.jp,2,13/12/2017,306.23
130,Mrs,Flint,Mantle,fmantle3l@tinypic.com,9,07/12/2017,382.69
131,Ms,Addi,Cakes,acakes3m@unicef.org,1,22/01/2017,487.08
132,Honorable,Rosanne,Critchley,rcritchley3n@eventbrite.com,4,19/04/2017,979.94
133,Rev,Erny,Lofting,elofting3o@answers.com,4,20/05/2017,736.48
134,Rev,Meghan,Pumfrett,mpumfrett3p@desdev.cn,7,16/10/2017,974.94
135,Dr,Michaella,Dovermann,mdovermann3q@wordpress.com,5,28/05/2017,344.61
136,Ms,Ramon,Le Noire,rlenoire3r@npr.org,1,02/08/2017,835.79
137,Dr,Patti,Symes,psymes3s@arstechnica.com,4,26/10/2017,688.24
138,Mrs,Ermentrude,Lovegrove,elovegrove3t@nsw.gov.au,8,19/10/2017,913.35
139,Rev,Sephira,Jillings,sjillings3u@newsvine.com,1,06/07/2017,798.32
140,Honorable,Simone,Reder,sreder3v@opera.com,1,18/04/2017,428.7
141,Honorable,Raynard,Stanlack,rstanlack3w@google.com,5,16/08/2017,126.05
142,Mrs,Wilhelmine,Gircke,wgircke3x@slashdot.org,5,24/08/2017,959.61
143,Honorable,Michelina,Crady,mcrady3y@blogger.com,1,28/07/2017,868.24
144,Honorable,Olympe,Tumini,otumini3z@bloomberg.com,10,09/10/2017,240.84
145,Rev,Arel,Bryning,abryning40@tumblr.com,3,27/05/2017,673.15
146,Honorable,Alisun,Wabey,awabey41@mlb.com,6,05/12/2017,957.78
147,Dr,Lucia,Ritch,lritch42@google.co.jp,8,14/06/2017,381.64
148,Ms,Myranda,Sharper,msharper43@paginegialle.it,10,23/08/2017,925.17
149,Mrs,Euphemia,Novik,enovik44@state.tx.us,8,06/02/2017,8.23
150,Honorable,Maryrose,Burnsall,mburnsall45@sakura.ne.jp,1,30/05/2017,831.52
151,Honorable,Althea,Shelly,ashelly46@nydailynews.com,6,10/10/2017,415.51
152,Mrs,Chrissie,Lenormand,clenormand47@sfgate.com,2,15/02/2017,563.69
153,Mr,Kissiah,Prendiville,kprendiville48@hatena.ne.jp,6,10/10/2017,302.8
154,Rev,Guglielma,La Wille,glawille49@reddit.com,8,13/12/2017,878.54
155,Mr,Joye,Konzel,jkonzel4a@ox.ac.uk,4,02/01/2017,416.05
156,Honorable,Alexis,Mellers,amellers4b@themeforest.net,4,27/10/2017,491.19
157,Mr,Dionysus,Dungay,ddungay4c@wordpress.org,10,25/06/2017,3.41
158,Rev,Gasper,Nowak,gnowak4d@ucoz.ru,3,02/12/2017,425.99
159,Honorable,Angelita,Vanni,avanni4e@jugem.jp,4,17/02/2017,669.44
160,Mrs,Emmalee,Tommis,etommis4f@moonfruit.com,9,14/07/2017,965.46
161,Ms,Patrizio,Marte,pmarte4g@tiny.cc,1,20/08/2017,960.05
162,Rev,Rodolphe,Gibben,rgibben4h@feedburner.com,5,05/02/2017,527.5
163,Honorable,Mary,Arnaudin,marnaudin4i@canalblog.com,6,11/07/2017,817.3
164,Rev,Cello,Seer,cseer4j@geocities.com,6,28/01/2017,475.17
165,Mrs,Vic,Darragh,vdarragh4k@bravesites.com,2,03/10/2017,261.93
166,Honorable,Teddy,Meeke,tmeeke4l@gnu.org,8,05/04/2017,253.3
167,Dr,Virgie,Lamy,vlamy4m@clickbank.net,3,14/09/2017,457.32
168,Rev,Roth,Jagoe,rjagoe4n@businessweek.com,8,25/05/2017,882.96
169,Honorable,Kare,Snowdon,ksnowdon4o@techcrunch.com,7,26/06/2017,596.46
170,Mr,Rubin,Hiley,rhiley4p@wikia.com,1,11/01/2017,669.79
171,Dr,Raymond,Avrahamoff,ravrahamoff4q@spotify.com,10,01/09/2017,200.03
172,Mrs,Tobe,Trewhitt,ttrewhitt4r@google.com.hk,9,31/12/2017,93.02
173,Honorable,Ilise,O'Hallihane,iohallihane4s@oakley.com,8,14/07/2017,691.02
174,Rev,El,Jakov,ejakov4t@harvard.edu,7,23/06/2017,774.07
175,Mrs,Emmett,Brisker,ebrisker4u@weebly.com,6,27/08/2017,855.4
176,Dr,Kessiah,Heild,kheild4v@live.com,5,28/07/2017,7.88
177,Dr,Kiah,Kunkler,kkunkler4w@oakley.com,1,25/09/2017,273.82
178,Dr,Melodee,Jeafferson,mjeafferson4x@vkontakte.ru,4,07/08/2017,504.65
179,Mrs,Shurlock,Van Halen,svanhalen4y@hc360.com,7,05/03/2017,813.76
180,Honorable,Harley,Eakins,heakins4z@netscape.com,9,14/10/2017,223.13
181,Dr,Tobit,Geoghegan,tgeoghegan50@nps.gov,7,08/01/2017,853.92
182,Dr,Merrill,Andras,mandras51@xinhuanet.com,7,10/01/2017,682.28
183,Honorable,Yolanda,Iorillo,yiorillo52@woothemes.com,2,17/06/2017,38.24
184,Dr,Jeanna,Leander,jleander53@github.com,6,30/01/2017,858.41
185,Rev,Athene,Mularkey,amularkey54@marketwatch.com,3,11/05/2017,155.07
186,Mrs,Jessamyn,Laimable,jlaimable55@virginia.edu,8,24/05/2017,328.9
187,Mrs,Shalom,Mesant,smesant56@topsy.com,8,25/02/2017,63.55
188,Mr,Sherrie,Anthona,santhona57@discovery.com,6,06/03/2017,695.67
189,Ms,Staci,Ellen,sellen58@archive.org,3,28/09/2017,715.22
190,Honorable,Lesly,Benfield,lbenfield59@wufoo.com,8,23/04/2017,772.36
191,Dr,Dahlia,Kobierski,dkobierski5a@goo.ne.jp,6,27/07/2017,595.28
192,Rev,Claude,Zettler,czettler5b@histats.com,7,21/06/2017,784.28
193,Dr,Beryle,Burel,bburel5c@weebly.com,7,01/08/2017,87.57
194,Mr,Reinaldos,Rivett,rrivett5d@clickbank.net,9,26/09/2017,436.43
195,Ms,Flossie,Pender,fpender5e@answers.com,3,20/07/2017,662.05
196,Mrs,Antoine,Settle,asettle5f@purevolume.com,7,15/10/2017,98.66
197,Mr,Wilek,Crampin,wcrampin5g@independent.co.uk,2,05/12/2017,588.32
198,Dr,Boycey,Medcalf,bmedcalf5h@ucla.edu,3,31/07/2017,228.98
199,Ms,Garik,Derle,gderle5i@miitbeian.gov.cn,4,23/04/2017,873.03
200,Mr,Inglis,Wenderoth,iwenderoth5j@yahoo.com,3,15/03/2017,726.1
201,Ms,Zared,Dampney,zdampney5k@google.it,2,31/10/2017,970.9
202,Ms,Madge,McNalley,mmcnalley5l@youtube.com,4,22/08/2017,984.62
203,Rev,Dunstan,Swindells,dswindells5m@sourceforge.net,6,13/11/2017,672.72
204,Rev,Salvidor,Breffit,sbreffit5n@usda.gov,7,01/11/2017,716.78
205,Rev,Corette,Flawith,cflawith5o@forbes.com,3,22/04/2017,370.37
206,Dr,Hadria,Gray,hgray5p@google.cn,3,10/08/2017,279.89
207,Dr,Tandi,Yarn,tyarn5q@wix.com,10,25/06/2017,878.36
208,Rev,Bathsheba,Barnson,bbarnson5r@blogtalkradio.com,10,01/10/2017,806.12
209,Honorable,Natasha,Featherbie,nfeatherbie5s@hugedomains.com,5,14/12/2017,453.18
210,Dr,Robert,Crosscombe,rcrosscombe5t@businessweek.com,10,26/08/2017,255.07
211,Honorable,Celeste,Errichelli,cerrichelli5u@merriam-webster.com,2,04/04/2017,573.83
212,Rev,Leland,Phillipson,lphillipson5v@theguardian.com,6,13/06/2017,908.83
213,Honorable,Kally,Leades,kleades5w@cloudflare.com,5,29/06/2017,575.14
214,Honorable,Reeta,Guarnier,rguarnier5x@symantec.com,3,25/05/2017,352.02
215,Ms,Inge,Voules,ivoules5y@ucoz.com,9,02/06/2017,965.67
216,Rev,Demetrius,Robson,drobson5z@digg.com,6,24/05/2017,564.99
217,Mr,Roobbie,Mingus,rmingus60@clickbank.net,2,17/05/2017,362.32
218,Mrs,Jodee,Cleal,jcleal61@creativecommons.org,4,10/09/2017,92.08
219,Honorable,Eustace,Raikes,eraikes62@sitemeter.com,7,21/03/2017,350.85
220,Honorable,Thedrick,Paynter,tpaynter63@skyrock.com,4,27/01/2017,326.54
221,Mrs,Harlin,Kezor,hkezor64@bing.com,5,04/12/2017,166.57
222,Mr,Romona,Pacquet,rpacquet65@google.ru,4,29/01/2017,157.29
223,Dr,Padget,Surridge,psurridge66@timesonline.co.uk,8,08/02/2017,509.15
224,Mr,Olin,Brahmer,obrahmer67@lulu.com,4,22/09/2017,108.3
225,Ms,Charlot,Rymer,crymer68@goo.gl,9,25/05/2017,0.19
226,Mr,Yetta,Eydel,yeydel69@si.edu,1,17/12/2017,195.33
227,Mr,Clementina,Withnall,cwithnall6a@phoca.cz,5,16/03/2017,322.28
228,Honorable,Dix,Hearl,dhearl6b@gmpg.org,10,05/10/2017,194.22
229,Dr,Kale,Zaniolo,kzaniolo6c@about.com,2,02/01/2017,37.8
230,Dr,Denni,Tuffrey,dtuffrey6d@dot.gov,1,29/04/2017,928.1
231,Ms,Cammy,Giannazzi,cgiannazzi6e@icq.com,6,10/05/2017,52.48
232,Honorable,Annmaria,Denkin,adenkin6f@techcrunch.com,2,23/02/2017,433.3
233,Rev,Zarah,Ibel,zibel6g@nbcnews.com,4,20/10/2017,417.99
234,Dr,Rolf,Ashwin,rashwin6h@webnode.com,10,03/04/2017,596.97
235,Mr,Laurice,Belsham,lbelsham6i@state.gov,3,17/02/2017,658.36
236,Mrs,Hedy,Gilston,hgilston6j@cam.ac.uk,5,24/08/2017,935.92
237,Ms,Lillian,Hugnin,lhugnin6k@mtv.com,4,13/01/2017,286.72
238,Mrs,Eryn,Ivkovic,eivkovic6l@thetimes.co.uk,6,23/02/2017,266.9
239,Rev,Chelsae,Furst,cfurst6m@dailymotion.com,7,23/06/2017,391.08
240,Mr,Zolly,Grishanov,zgrishanov6n@vistaprint.com,8,24/06/2017,723.84
241,Rev,Trueman,Loughman,tloughman6o@ezinearticles.com,3,15/01/2017,556.79
242,Dr,Blane,Friar,bfriar6p@gravatar.com,6,04/10/2017,710.15
243,Honorable,Shelton,Dufton,sdufton6q@shareasale.com,4,25/06/2017,526.62
244,Dr,Meggie,Fehely,mfehely6r@mapquest.com,2,03/08/2017,350.58
245,Mr,Dwight,Kalisz,dkalisz6s@cnbc.com,4,23/11/2017,495.7
246,Mr,Helaina,Diemer,hdiemer6t@usgs.gov,3,18/05/2017,420.73
247,Mrs,Lewiss,Jephcott,ljephcott6u@rambler.ru,10,29/08/2017,8.49
248,Rev,Siobhan,Paal,spaal6v@simplemachines.org,1,05/04/2017,899.81
249,Dr,Joane,Malter,jmalter6w@oaic.gov.au,1,23/07/2017,986.79
250,Honorable,Lynn,Cristofari,lcristofari6x@biglobe.ne.jp,6,18/10/2017,812.02
251,Dr,Opaline,Pears,opears6y@friendfeed.com,6,15/07/2017,130.29
252,Honorable,Leo,Ullrich,lullrich6z@cnn.com,5,26/02/2017,594.68
253,Ms,Free,Quinion,fquinion70@myspace.com,10,05/03/2017,25.12
254,Mr,Tamarah,Mottram,tmottram71@google.pl,4,10/02/2017,864.23
255,Rev,Leeann,Terrelly,lterrelly72@rakuten.co.jp,8,15/06/2017,537.02
256,Mr,Fredi,Wallbutton,fwallbutton73@goo.ne.jp,4,03/07/2017,276.91
257,Dr,Leia,Caslett,lcaslett74@fda.gov,1,28/01/2017,90.94
258,Ms,Barr,Dhillon,bdhillon75@msu.edu,3,11/06/2017,740.78
259,Ms,Zelig,Bascombe,zbascombe76@bandcamp.com,3,03/04/2017,293.04
260,Ms,Matias,Stepto,mstepto77@vk.com,3,01/01/2017,859.2
261,Honorable,Grace,Knudsen,gknudsen78@smh.com.au,3,27/08/2017,442
262,Mrs,Bobbe,Cocksedge,bcocksedge79@facebook.com,9,27/10/2017,281.17
263,Mrs,Fields,Croote,fcroote7a@cdbaby.com,1,25/07/2017,284.11
264,Honorable,Konstantin,Oxton,koxton7b@sciencedaily.com,10,24/04/2017,350.01
265,Dr,Isaak,Durak,idurak7c@tmall.com,8,28/05/2017,149.6
266,Honorable,Rodrique,Sigars,rsigars7d@4shared.com,5,22/04/2017,609.5
267,Honorable,Alvera,Bum,abum7e@rambler.ru,4,21/08/2017,35.72
268,Rev,Doris,Simoneau,dsimoneau7f@surveymonkey.com,7,24/11/2017,839.56
269,Honorable,Winn,Ledster,wledster7g@nytimes.com,1,22/10/2017,722.16
270,Honorable,Andee,MacIntyre,amacintyre7h@statcounter.com,3,08/07/2017,855.92
271,Mrs,Cherie,Hindenburg,chindenburg7i@behance.net,4,26/11/2017,318.41
272,Mrs,Niles,Jowle,njowle7j@sohu.com,4,22/01/2017,644.14
273,Dr,Marten,Pearton,mpearton7k@sogou.com,4,03/01/2017,749.53
274,Rev,Renate,Oen,roen7l@mit.edu,5,09/03/2017,126.89
275,Ms,Tiphanie,Speller,tspeller7m@smugmug.com,8,20/03/2017,574.28
276,Honorable,Adiana,Kitchenside,akitchenside7n@mapquest.com,5,12/03/2017,128.09
277,Rev,Trefor,Bultitude,tbultitude7o@hp.com,9,27/12/2017,835.88
278,Mrs,Norbert,Arthur,narthur7p@sciencedaily.com,9,10/01/2017,971.03
279,Mrs,Chad,Graysmark,cgraysmark7q@dyndns.org,1,31/05/2017,566.78
280,Ms,Margaretha,Peteri,mpeteri7r@microsoft.com,8,05/03/2017,480.91
281,Rev,Anett,Plowright,aplowright7s@noaa.gov,6,20/03/2017,306.86
282,Mr,Fransisco,Bertolin,fbertolin7t@dagondesign.com,10,24/08/2017,860.77
283,Mr,Chandra,O'Spellissey,cospellissey7u@apple.com,10,16/07/2017,788.75
284,Mrs,Pammie,Sabati,psabati7v@mail.ru,5,15/11/2017,726.55
285,Honorable,Greg,Jansik,gjansik7w@accuweather.com,9,19/06/2017,135.93
286,Mrs,Cortie,Andriolli,candriolli7x@is.gd,3,27/12/2017,624.17
287,Dr,Francisca,Kerwood,fkerwood7y@issuu.com,6,18/05/2017,81.93
288,Ms,Vidovic,Loges,vloges7z@walmart.com,3,08/09/2017,87.64
289,Mr,Daniela,Dron,ddron80@youtube.com,3,07/11/2017,294.1
290,Ms,Donni,Adlington,dadlington81@nhs.uk,2,30/08/2017,871.08
291,Mrs,Elmore,Basilone,ebasilone82@squidoo.com,10,24/11/2017,43.92
292,Rev,Valentine,Kynforth,vkynforth83@is.gd,4,01/03/2017,186.77
293,Mr,Ethelbert,Keighly,ekeighly84@purevolume.com,3,16/08/2017,401.97
294,Rev,Arabelle,Goodge,agoodge85@smugmug.com,8,06/01/2017,914.86
295,Dr,Dun,Basilotta,dbasilotta86@addthis.com,3,27/02/2017,627.01
296,Honorable,Farr,Founds,ffounds87@rediff.com,1,19/06/2017,94.22
297,Mrs,Tiffanie,Wheater,twheater88@aol.com,5,03/06/2017,794.59
298,Mr,Nana,Madigan,nmadigan89@hatena.ne.jp,8,25/08/2017,480.71
299,Ms,Celie,Grimm,cgrimm8a@disqus.com,8,23/10/2017,208.14
300,Rev,Abbey,Cristou,acristou8b@tiny.cc,8,02/01/2017,712.76
301,Ms,Thurstan,Crate,tcrate8c@buzzfeed.com,10,13/03/2017,427.1
302,Mrs,Elinore,Lohrensen,elohrensen8d@blogs.com,8,08/07/2017,139.68
303,Dr,Phyllida,Ratt,pratt8e@senate.gov,1,19/06/2017,815.45
304,Dr,Vinnie,Bywater,vbywater8f@oracle.com,8,24/09/2017,946.82
305,Dr,Freemon,Dabbs,fdabbs8g@google.ru,2,16/12/2017,195.08
306,Rev,Collin,Gronous,cgronous8h@wiley.com,4,09/09/2017,939.96
307,Dr,Abe,Sondland,asondland8i@mozilla.org,4,06/08/2017,898.45
308,Ms,Vanni,Wines,vwines8j@etsy.com,2,01/08/2017,241.89
309,Ms,Andrus,Cheevers,acheevers8k@wiley.com,1,26/12/2017,710.44
310,Dr,Randene,Godwin,rgodwin8l@sciencedaily.com,4,17/01/2017,325.29
311,Ms,Carlynn,Wagge,cwagge8m@blogger.com,7,09/11/2017,97.75
312,Mrs,Gussie,Gusney,ggusney8n@answers.com,6,23/09/2017,486.03
313,Rev,Roarke,Kingswell,rkingswell8o@ovh.net,4,31/07/2017,711.3
314,Mrs,Ozzie,Whittle,owhittle8p@sohu.com,6,22/06/2017,564.22
315,Dr,Ange,Lacoste,alacoste8q@slideshare.net,4,21/03/2017,230.17
316,Honorable,Joaquin,Hinckesman,jhinckesman8r@abc.net.au,6,30/04/2017,440.9
317,Rev,Matteo,Frill,mfrill8s@dailymail.co.uk,10,17/01/2017,466.61
318,Honorable,Jock,Kasher,jkasher8t@dailymail.co.uk,5,12/04/2017,552.11
319,Ms,Fredia,Lapworth,flapworth8u@ucla.edu,2,04/01/2017,276.38
320,Mr,Reinhold,Waryk,rwaryk8v@t-online.de,3,02/09/2017,0.67
321,Mr,Chantal,Dell'Abbate,cdellabbate8w@taobao.com,1,24/09/2017,169.65
322,Mr,Livvyy,Dowle,ldowle8x@aboutads.info,8,16/08/2017,998.61
323,Rev,Vanya,Cocks,vcocks8y@home.pl,3,05/03/2017,794.08
324,Honorable,Kellen,Bolgar,kbolgar8z@theglobeandmail.com,3,11/10/2017,578.39
325,Dr,Thorvald,Fenlon,tfenlon90@unc.edu,1,02/07/2017,563.38
326,Mr,Jerry,Jonson,jjonson91@noaa.gov,8,23/10/2017,156.65
327,Ms,Gabbey,Bunclark,gbunclark92@gnu.org,4,10/01/2017,678.17
328,Honorable,Siusan,Bestwall,sbestwall93@wikispaces.com,4,15/06/2017,132.31
329,Rev,Reinald,Burman,rburman94@tripadvisor.com,4,03/02/2017,49.49
330,Mr,Jordon,Birkby,jbirkby95@apache.org,5,29/03/2017,516.72
331,Rev,Fan,Cleghorn,fcleghorn96@webs.com,10,26/01/2017,824.06
332,Mrs,Eldridge,Dunston,edunston97@fastcompany.com,5,25/04/2017,141.95
333,Dr,Gwyneth,Eagger,geagger98@github.io,6,08/08/2017,580.8
334,Honorable,Cristie,Van den Velde,cvandenvelde99@shutterfly.com,1,26/03/2017,908.94
335,Honorable,Dunn,Rispine,drispine9a@twitpic.com,8,06/01/2017,260.64
336,Ms,Lizzy,Fessier,lfessier9b@wikispaces.com,8,21/04/2017,693.08
337,Ms,Nobie,Chivers,nchivers9c@xing.com,1,21/07/2017,101.52
338,Mr,Chicky,Moulder,cmoulder9d@dyndns.org,7,24/04/2017,474.98
339,Mr,Yolande,Sahlstrom,ysahlstrom9e@usgs.gov,6,08/11/2017,16.54
340,Rev,Charisse,Powe,cpowe9f@soundcloud.com,5,27/04/2017,928.64
341,Rev,Agnese,Melton,amelton9g@tuttocitta.it,6,02/11/2017,926.59
342,Rev,Cristobal,Elcomb,celcomb9h@unblog.fr,8,05/09/2017,600.73
343,Mr,Dominic,Colquit,dcolquit9i@uol.com.br,6,19/08/2017,881.18
344,Mrs,Corabelle,Drysdale,cdrysdale9j@wix.com,3,25/05/2017,34.69
345,Dr,Esta,Coull,ecoull9k@ask.com,5,31/01/2017,395.64
346,Honorable,Gun,Blakey,gblakey9l@ucsd.edu,4,12/08/2017,306.13
347,Mrs,Crissie,Holston,cholston9m@timesonline.co.uk,1,04/06/2017,723.58
348,Ms,Shermy,Dimitru,sdimitru9n@zimbio.com,4,23/07/2017,917.22
349,Mrs,Lita,Dahl,ldahl9o@cocolog-nifty.com,1,25/11/2017,619.88
350,Mrs,Boris,Raecroft,braecroft9p@house.gov,8,08/07/2017,139.37
351,Ms,Kial,Limbourne,klimbourne9q@altervista.org,8,15/11/2017,174.49
352,Dr,Hamlen,Emblem,hemblem9r@dailymotion.com,1,10/02/2017,944.67
353,Rev,Janeva,Yitzhak,jyitzhak9s@usa.gov,7,02/01/2017,222.52
354,Honorable,Indira,Darcey,idarcey9t@quantcast.com,7,20/06/2017,865.83
355,Dr,Nero,Prue,nprue9u@myspace.com,7,26/02/2017,956.79
356,Mrs,Hillard,Waterhous,hwaterhous9v@smugmug.com,4,07/08/2017,740.05
357,Ms,Emmerich,Fattori,efattori9w@amazonaws.com,8,07/06/2017,768.78
358,Rev,Barde,Kanter,bkanter9x@mozilla.com,3,24/04/2017,868.78
359,Ms,Kaylee,Devitt,kdevitt9y@myspace.com,8,07/09/2017,882.56
360,Rev,Bat,Crafts,bcrafts9z@acquirethisname.com,1,27/08/2017,921.14
361,Ms,Orly,Mulberry,omulberrya0@vimeo.com,8,02/10/2017,658.18
362,Mrs,Jaclin,Sein,jseina1@vkontakte.ru,5,13/09/2017,535.29
363,Ms,Ferrell,Hearon,fhearona2@fc2.com,2,05/07/2017,24.78
364,Honorable,Alric,Reuter,areutera3@artisteer.com,2,20/11/2017,560.49
365,Dr,Irwinn,Corsor,icorsora4@nih.gov,7,12/02/2017,525.12
366,Honorable,Law,Everingham,leveringhama5@ycombinator.com,3,03/05/2017,990.12
367,Mrs,Ronny,McCuish,rmccuisha6@tiny.cc,9,09/02/2017,110.49
368,Mrs,Scarlett,Simak,ssimaka7@google.com.hk,8,14/11/2017,663.78
369,Honorable,Bidget,Mitroshinov,bmitroshinova8@mapy.cz,5,29/06/2017,312.94
370,Dr,Pate,Lantoph,plantopha9@webeden.co.uk,6,09/08/2017,704.47
371,Honorable,Hestia,Brunini,hbruniniaa@oracle.com,4,15/07/2017,327.5
372,Honorable,Bride,Pasterfield,bpasterfieldab@canalblog.com,8,20/04/2017,259.65
373,Honorable,Lib,Marskell,lmarskellac@thetimes.co.uk,4,10/06/2017,422.18
374,Rev,Wendell,McGarel,wmcgarelad@smugmug.com,8,16/05/2017,453.34
375,Dr,Glenden,Manwell,gmanwellae@g.co,5,18/12/2017,957.17
376,Rev,Rutger,Gutcher,rgutcheraf@apache.org,2,09/05/2017,295.77
377,Mr,Gerald,Monkleigh,gmonkleighag@reddit.com,5,02/01/2017,830.97
378,Ms,Keven,Sandilands,ksandilandsah@icio.us,8,04/05/2017,632.25
379,Mrs,Putnam,Jeavons,pjeavonsai@dot.gov,10,01/07/2017,523.73
380,Mrs,Emmi,Kenrack,ekenrackaj@moonfruit.com,3,19/10/2017,374.41
381,Honorable,Vern,Waterstone,vwaterstoneak@homestead.com,6,28/05/2017,706.45
382,Honorable,Alexandra,Swayland,aswaylandal@hhs.gov,4,26/08/2017,885.26
383,Mrs,Mel,Krause,mkrauseam@twitpic.com,9,26/10/2017,994.99
384,Mrs,Foster,Marxsen,fmarxsenan@redcross.org,8,25/10/2017,982.19
385,Honorable,Adelaide,Bruyet,abruyetao@europa.eu,8,07/06/2017,486.76
386,Mr,Audie,Ottosen,aottosenap@soup.io,1,28/12/2017,909.76
387,Ms,Reece,Milkin,rmilkinaq@photobucket.com,2,22/06/2017,847.64
388,Mr,Kristel,Flowers,kflowersar@amazonaws.com,10,28/06/2017,569.88
389,Dr,Elfreda,Lippitt,elippittas@live.com,4,13/12/2017,680.05
390,Dr,Boone,Jessard,bjessardat@ycombinator.com,4,25/01/2017,493.54
391,Dr,Temp,Esposito,tespositoau@wikimedia.org,2,15/01/2017,305.52
392,Mr,Sioux,Wellen,swellenav@stumbleupon.com,1,11/09/2017,965.11
393,Rev,Petronella,Smye,psmyeaw@theguardian.com,10,27/06/2017,33.55
394,Mrs,Dallas,Birchner,dbirchnerax@aol.com,6,16/12/2017,474.95
395,Dr,Duncan,Axston,daxstonay@huffingtonpost.com,7,01/11/2017,334.45
396,Rev,Marguerite,Glowacki,mglowackiaz@go.com,1,26/07/2017,852.03
397,Dr,Orsa,Galier,ogalierb0@discovery.com,4,18/12/2017,346.48
398,Dr,Eugenia,Straw,estrawb1@soundcloud.com,8,27/08/2017,734.9
399,Mrs,Winnah,Orrill,worrillb2@sciencedaily.com,5,15/02/2017,591.71
400,Rev,Deloris,Alenshev,dalenshevb3@google.cn,1,23/03/2017,150.72
401,Honorable,Charline,Simkins,csimkinsb4@google.pl,9,15/11/2017,734.93
402,Dr,Wit,Odlin,wodlinb5@aboutads.info,7,09/07/2017,372.89
403,Rev,Herb,Jeanet,hjeanetb6@indiatimes.com,3,17/04/2017,242.85
404,Dr,Marita,Geraldo,mgeraldob7@slashdot.org,3,24/07/2017,98.93
405,Rev,Karie,Abramowitz,kabramowitzb8@sphinn.com,4,10/07/2017,324.04
406,Honorable,Phyllis,Gravett,pgravettb9@ask.com,10,09/10/2017,241.37
407,Ms,Kassie,Ortzen,kortzenba@livejournal.com,1,10/01/2017,940.99
408,Mrs,Prudi,Joder,pjoderbb@statcounter.com,1,06/12/2017,115.26
409,Rev,Jae,Tracey,jtraceybc@cargocollective.com,3,15/12/2017,694.53
410,Rev,Hymie,Greenhouse,hgreenhousebd@godaddy.com,7,31/08/2017,730.83
411,Rev,Glennis,Iannuzzelli,giannuzzellibe@latimes.com,1,06/07/2017,571.75
412,Dr,Clemmy,Tortice,ctorticebf@wp.com,7,19/03/2017,49.81
413,Mrs,Sibbie,Fairham,sfairhambg@google.it,6,10/10/2017,46.26
414,Mrs,Sue,Grayne,sgraynebh@state.tx.us,4,25/07/2017,222.96
415,Ms,See,Druce,sdrucebi@virginia.edu,8,02/07/2017,178.36
416,Mrs,Bennie,Aspinwall,baspinwallbj@simplemachines.org,1,25/11/2017,309.43
417,Honorable,Orsola,Guerro,oguerrobk@clickbank.net,3,06/05/2017,914.3
418,Dr,Ingaberg,Whytock,iwhytockbl@simplemachines.org,8,09/09/2017,60.02
419,Ms,Bartie,Sneller,bsnellerbm@devhub.com,9,01/03/2017,565.43
420,Mr,Bethany,Espadas,bespadasbn@unc.edu,1,26/08/2017,292.93
421,Rev,Geno,Coniff,gconiffbo@washington.edu,10,06/06/2017,734.37
422,Honorable,Nerta,McBrady,nmcbradybp@ted.com,1,11/08/2017,242.28
423,Dr,Brook,Bartoszek,bbartoszekbq@pinterest.com,4,12/02/2017,1.8
424,Rev,Risa,Pope,rpopebr@sohu.com,3,16/12/2017,659.03
425,Mrs,Jacquette,Aldhous,jaldhousbs@aol.com,2,21/01/2017,240.89
426,Mr,Gizela,Sagar,gsagarbt@youku.com,8,19/12/2017,26.84
427,Mr,Thomasin,Zanuciolii,tzanucioliibu@wp.com,7,31/08/2017,495.36
428,Mr,Ardella,Espinel,aespinelbv@youku.com,7,07/04/2017,606.75
429,Honorable,Halie,Spring,hspringbw@sphinn.com,9,29/08/2017,816.6
430,Mr,Noemi,Dober,ndoberbx@flickr.com,8,04/11/2017,325.18
431,Mr,Ernestus,McCrie,emccrieby@google.ca,6,25/09/2017,235.15
432,Dr,Gates,Brattan,gbrattanbz@seattletimes.com,8,24/12/2017,900.66
433,Ms,Van,Priel,vprielc0@last.fm,8,23/07/2017,778.35
434,Rev,Saundra,Perri,sperric1@weibo.com,6,09/02/2017,347.85
435,Honorable,Kelly,Rosenfrucht,krosenfruchtc2@typepad.com,10,15/10/2017,376.23
436,Mr,Jeanne,Zambon,jzambonc3@cloudflare.com,9,06/10/2017,680.32
437,Mrs,Serge,Apple,sapplec4@baidu.com,9,28/03/2017,882.64
438,Mr,Rozina,Leven,rlevenc5@mozilla.com,6,15/04/2017,282.8
439,Ms,Emelia,Mainz,emainzc6@bravesites.com,9,09/07/2017,987.87
440,Dr,Piotr,Yewdale,pyewdalec7@technorati.com,5,26/11/2017,475.19
441,Honorable,Johnathan,Ralling,jrallingc8@xinhuanet.com,6,08/05/2017,86.97
442,Ms,Bernadene,Scones,bsconesc9@behance.net,1,03/07/2017,226.25
443,Rev,Nikolaos,Matzaitis,nmatzaitisca@indiatimes.com,5,10/11/2017,360.95
444,Mr,Tedie,Canedo,tcanedocb@spotify.com,4,11/04/2017,32.2
445,Dr,Kamila,Sandbach,ksandbachcc@t.co,10,05/03/2017,562.89
446,Rev,Yolande,Colliar,ycolliarcd@rakuten.co.jp,10,15/12/2017,674.66
447,Ms,Leroy,Demelt,ldemeltce@mit.edu,6,28/04/2017,76.77
448,Rev,Papageno,Juza,pjuzacf@multiply.com,8,24/04/2017,809.75
449,Honorable,Steve,Label,slabelcg@youtu.be,7,06/02/2017,857.11
450,Rev,Lizzie,Simison,lsimisonch@cdc.gov,2,22/06/2017,801.49
451,Ms,Hermine,McCreagh,hmccreaghci@github.com,3,08/03/2017,642.02
452,Dr,Terrijo,Crissil,tcrissilcj@usa.gov,4,11/01/2017,166.83
453,Honorable,Carlin,Elbourn,celbournck@nydailynews.com,4,26/04/2017,443.44
454,Mr,Stanfield,Crole,scrolecl@woothemes.com,2,16/02/2017,210.36
455,Mrs,Sargent,Darlasson,sdarlassoncm@hugedomains.com,2,15/04/2017,469.26
456,Mrs,Diarmid,Ickowicz,dickowiczcn@gizmodo.com,10,26/06/2017,795.77
457,Dr,Desiree,Pesik,dpesikco@mayoclinic.com,1,08/05/2017,959.38
458,Mrs,Sarge,MacPake,smacpakecp@cisco.com,5,25/12/2017,333.23
459,Mrs,Dalenna,Andover,dandovercq@multiply.com,3,15/01/2017,246.12
460,Dr,Aimee,Trimby,atrimbycr@imgur.com,7,30/11/2017,784.49
461,Rev,Benedicta,Neylon,bneyloncs@about.com,2,14/11/2017,482.17
462,Rev,Glynn,Tearny,gtearnyct@goo.ne.jp,9,12/12/2017,70.4
463,Ms,Spike,Casassa,scasassacu@domainmarket.com,4,14/03/2017,244
464,Mr,Margarethe,Brodie,mbrodiecv@dailymail.co.uk,2,17/05/2017,733.15
465,Mrs,Don,Mylechreest,dmylechreestcw@mit.edu,5,29/01/2017,538.84
466,Mr,Madelaine,Seifert,mseifertcx@state.gov,5,01/01/2017,903.98
467,Mr,Arlin,Paliser,apalisercy@privacy.gov.au,10,12/07/2017,428.61
468,Rev,Melina,Steagall,msteagallcz@vkontakte.ru,4,08/01/2017,840.2
469,Rev,Suki,Burker,sburkerd0@cmu.edu,6,23/02/2017,867.79
470,Ms,Penelope,Cornelius,pcorneliusd1@mediafire.com,1,16/06/2017,541.33
471,Ms,Burch,Foyle,bfoyled2@google.it,3,20/03/2017,611.51
472,Honorable,Valentin,Lavington,vlavingtond3@foxnews.com,10,15/03/2017,851.3
473,Honorable,Emma,Bolesworth,ebolesworthd4@gov.uk,2,27/08/2017,208.79
474,Honorable,Ofelia,Mobberley,omobberleyd5@reference.com,9,13/09/2017,157.39
475,Rev,Benni,Storer,bstorerd6@purevolume.com,6,26/07/2017,570.51
476,Dr,Bernardina,Geke,bgeked7@edublogs.org,6,16/05/2017,480.87
477,Dr,Wat,Defrain,wdefraind8@shareasale.com,5,09/10/2017,751.85
478,Dr,Berni,Lamble,blambled9@domainmarket.com,4,24/10/2017,11.1
479,Ms,Wynne,Disbury,wdisburyda@msu.edu,3,18/07/2017,899.72
480,Dr,Win,Feehily,wfeehilydb@who.int,8,11/04/2017,633.77
481,Honorable,Hart,Parr,hparrdc@independent.co.uk,3,29/12/2017,618.62
482,Honorable,Jedediah,Pinney,jpinneydd@fda.gov,9,09/12/2017,1.24
483,Rev,Portie,Leppo,pleppode@skyrock.com,7,19/09/2017,628.91
484,Mr,Hallie,Ambroix,hambroixdf@economist.com,7,03/03/2017,530.13
485,Rev,Colver,Howick,chowickdg@bbb.org,1,24/10/2017,334.42
486,Ms,Artie,Grimmolby,agrimmolbydh@bravesites.com,1,12/04/2017,285.77
487,Rev,Rebecka,Restill,rrestilldi@xing.com,4,30/12/2017,653.81
488,Mr,Cloe,McGrayle,cmcgrayledj@deviantart.com,6,28/01/2017,330.99
489,Honorable,Alva,Rowling,arowlingdk@unesco.org,4,15/03/2017,321.26
490,Honorable,Cyndie,Gorce,cgorcedl@auda.org.au,6,03/11/2017,648.33
491,Mr,Cordelie,Iglesias,ciglesiasdm@naver.com,2,29/09/2017,514.78
492,Mrs,Curcio,Guilder,cguilderdn@sfgate.com,7,10/04/2017,185.65
493,Honorable,Marietta,Habbijam,mhabbijamdo@istockphoto.com,9,24/04/2017,537.71
494,Mrs,Wendi,Greves,wgrevesdp@cam.ac.uk,5,25/04/2017,601.26
495,Rev,Bran,McCallam,bmccallamdq@unesco.org,5,22/05/2017,608.25
496,Rev,Lionello,McGaffey,lmcgaffeydr@house.gov,9,08/04/2017,976.27
497,Rev,Christie,Scorey,cscoreyds@myspace.com,3,03/03/2017,702.26
498,Honorable,Honey,Whitten,hwhittendt@w3.org,5,11/10/2017,36.73
499,Mrs,Orelee,Dulton,odultondu@slate.com,5,16/03/2017,13.85
500,Rev,Tracee,Marrington,tmarringtondv@skype.com,1,09/12/2017,490.92
501,Honorable,Madelle,Orable,morabledw@i2i.jp,9,30/03/2017,524.72
502,Rev,Hanni,Cathel,hcatheldx@reuters.com,6,07/10/2017,989.86
503,Mr,Gwenora,O' Cuolahan,gocuolahandy@jigsy.com,6,04/12/2017,675.48
504,Dr,Blair,Challice,bchallicedz@dailymail.co.uk,10,23/03/2017,735.35
505,Mrs,Cheryl,Martine,cmartinee0@jimdo.com,8,20/07/2017,77.46
506,Mr,Ibby,Baudasso,ibaudassoe1@fotki.com,10,18/04/2017,363.92
507,Mr,Vicki,Killock,vkillocke2@hexun.com,9,18/04/2017,100.18
508,Honorable,Frankie,Robathon,frobathone3@merriam-webster.com,2,17/03/2017,650.14
509,Rev,Wallie,Copland,wcoplande4@wp.com,8,09/11/2017,85.97
510,Mrs,Davin,Boak,dboake5@amazon.de,4,02/08/2017,545
511,Dr,Devon,Boggis,dboggise6@biglobe.ne.jp,10,12/08/2017,705.69
512,Dr,Weider,Penhalurick,wpenhaluricke7@dot.gov,7,15/03/2017,735.9
513,Mrs,Patrizia,Reisin,preisine8@stumbleupon.com,8,02/11/2017,986.99
514,Honorable,Michal,Maps,mmapse9@state.tx.us,3,29/10/2017,712.08
515,Honorable,Marybelle,Larby,mlarbyea@ox.ac.uk,6,12/02/2017,568.87
516,Honorable,Corrine,Concklin,cconcklineb@posterous.com,8,06/05/2017,485.18
517,Dr,Catina,Huge,chugeec@ftc.gov,3,26/05/2017,634.55
518,Ms,Carlye,Tybalt,ctybalted@cisco.com,1,22/04/2017,408.45
519,Mr,Gertrud,Paulitschke,gpaulitschkeee@cargocollective.com,3,09/08/2017,743.87
520,Rev,Allin,Emson,aemsonef@craigslist.org,6,17/09/2017,5.15
521,Rev,Agnola,Swyre,aswyreeg@hugedomains.com,4,24/05/2017,874.55
522,Mrs,Hadleigh,Bollen,hbolleneh@mit.edu,6,25/12/2017,326.02
523,Rev,Stavros,Ginnelly,sginnellyei@macromedia.com,5,19/04/2017,643.26
524,Mr,Grannie,Penketh,gpenkethej@theglobeandmail.com,2,29/09/2017,235.22
525,Honorable,Roshelle,Fownes,rfownesek@aboutads.info,5,29/08/2017,727.63
526,Rev,Ethelin,Tombleson,etomblesonel@comsenz.com,7,03/10/2017,564.76
527,Honorable,Frasquito,Foan,ffoanem@alibaba.com,8,17/08/2017,684.32
528,Honorable,Andrea,Brumfitt,abrumfitten@google.pl,6,24/06/2017,915.28
529,Rev,Rusty,Thursby,rthursbyeo@cafepress.com,3,08/03/2017,450.45
530,Dr,Ursula,Rockingham,urockinghamep@bing.com,2,15/11/2017,603.21
531,Mrs,Tammi,Lenz,tlenzeq@theguardian.com,5,02/10/2017,216.24
532,Dr,Mitchael,Beat,mbeater@biblegateway.com,5,09/03/2017,472.08
533,Honorable,Hagen,Stokell,hstokelles@deviantart.com,10,07/04/2017,771.81
534,Ms,Alix,Foucar,afoucaret@apple.com,7,05/05/2017,58.2
535,Dr,Rosabel,Ostick,rostickeu@nsw.gov.au,3,13/07/2017,63.54
536,Ms,Virge,Conway,vconwayev@bbc.co.uk,5,13/10/2017,712.68
537,Mr,Binnie,Gason,bgasonew@guardian.co.uk,5,13/09/2017,589.07
538,Honorable,Chandra,Lillie,clillieex@microsoft.com,7,15/04/2017,773.44
539,Mrs,Rosabel,Dunne,rdunneey@github.io,1,28/06/2017,780.12
540,Dr,Corrie,Hasker,chaskerez@4shared.com,5,19/02/2017,495.38
541,Dr,Toni,Marcos,tmarcosf0@pinterest.com,4,09/09/2017,274.46
542,Mrs,Lynn,Pala,lpalaf1@nationalgeographic.com,7,11/06/2017,805.87
543,Rev,Joey,Ruckert,jruckertf2@kickstarter.com,7,29/11/2017,80.55
544,Rev,Orion,Lysons,olysonsf3@nature.com,1,15/01/2017,80.61
545,Dr,Perle,Thying,pthyingf4@godaddy.com,6,23/03/2017,572.11
546,Honorable,Elmer,Iacobo,eiacobof5@bloomberg.com,6,08/01/2017,99.07
547,Ms,Adelbert,Wallas,awallasf6@sina.com.cn,4,01/01/2017,302.17
548,Rev,Georgiana,Lorking,glorkingf7@cdbaby.com,10,20/01/2017,60.84
549,Mrs,Brooks,Mumbey,bmumbeyf8@washingtonpost.com,10,28/08/2017,12.94
550,Mrs,Kerrill,Castelluzzi,kcastelluzzif9@meetup.com,5,18/04/2017,230.23
551,Honorable,Ida,Bitterton,ibittertonfa@privacy.gov.au,10,13/06/2017,132.79
552,Dr,Christian,Magee,cmageefb@example.com,4,07/03/2017,781.88
553,Mr,Nealson,Louthe,nlouthefc@mapy.cz,8,20/04/2017,263.58
554,Dr,Timi,Athelstan,tathelstanfd@bloomberg.com,3,19/04/2017,433.18
555,Dr,Dolorita,Cottage,dcottagefe@nps.gov,3,30/06/2017,544.13
556,Mrs,Nobe,Hars,nharsff@wsj.com,7,14/01/2017,901.68
557,Ms,Hilliary,Goodoune,hgoodounefg@state.gov,6,06/06/2017,288.1
558,Honorable,Boonie,Redish,bredishfh@prnewswire.com,1,12/03/2017,49.43
559,Mrs,Claribel,Cundict,ccundictfi@utexas.edu,6,13/03/2017,753.09
560,Dr,Faye,Connett,fconnettfj@reference.com,7,16/03/2017,100.35
561,Mr,Holly-anne,Robardet,hrobardetfk@123-reg.co.uk,7,08/12/2017,998.99
562,Ms,Caritta,Worthing,cworthingfl@rediff.com,4,21/07/2017,317.17
563,Mrs,Donna,Zanre,dzanrefm@yellowbook.com,3,20/04/2017,962.98
564,Dr,Ginevra,Barnham,gbarnhamfn@kickstarter.com,8,11/04/2017,268.5
565,Dr,Geri,Spottiswood,gspottiswoodfo@jugem.jp,4,30/08/2017,347.69
566,Honorable,Wynne,Meechan,wmeechanfp@nymag.com,10,29/11/2017,698.23
567,Mr,Jere,Eddis,jeddisfq@ox.ac.uk,4,05/04/2017,754.09
568,Honorable,Agneta,Cumberbatch,acumberbatchfr@sakura.ne.jp,8,05/01/2017,286.22
569,Mrs,Elvira,Quilkin,equilkinfs@nydailynews.com,2,21/03/2017,544.17
570,Mr,Grete,Whacket,gwhacketft@mlb.com,9,14/12/2017,642.27
571,Honorable,Kellsie,Tight,ktightfu@privacy.gov.au,10,30/03/2017,359.07
572,Dr,Amby,McIlwraith,amcilwraithfv@tiny.cc,4,20/11/2017,576.77
573,Mr,Traci,Ching,tchingfw@youtube.com,10,02/05/2017,456.2
574,Dr,Vern,Cleall,vcleallfx@abc.net.au,8,26/02/2017,498.23
575,Mr,Laurent,Yegorshin,lyegorshinfy@jimdo.com,3,12/05/2017,273.77
576,Dr,Philippine,Dodman,pdodmanfz@cnbc.com,1,02/06/2017,95.18
577,Dr,Matthew,Hugill,mhugillg0@youtu.be,10,07/07/2017,543.17
578,Ms,Melisandra,Ernke,mernkeg1@discuz.net,3,26/01/2017,538.12
579,Rev,Barnard,Rickword,brickwordg2@cocolog-nifty.com,6,21/07/2017,984.19
580,Ms,Daron,Snarie,dsnarieg3@harvard.edu,1,10/01/2017,781.72
581,Honorable,Pat,Stihl,pstihlg4@bbc.co.uk,5,19/08/2017,977.24
582,Honorable,Nataline,O'Dowd,nodowdg5@dedecms.com,5,18/05/2017,32.68
583,Ms,Gabe,Meas,gmeasg6@vimeo.com,9,07/12/2017,637.73
584,Dr,Roseanne,Beldan,rbeldang7@bigcartel.com,4,06/11/2017,913.88
585,Ms,Skipton,Breyt,sbreytg8@i2i.jp,6,25/05/2017,31.71
586,Mr,Brier,Nickless,bnicklessg9@smh.com.au,8,06/08/2017,84.14
587,Rev,Hogan,Alishoner,halishonerga@ifeng.com,2,08/12/2017,935.65
588,Mrs,Giorgio,Harback,gharbackgb@studiopress.com,5,16/12/2017,79.1
589,Rev,Gayler,Noden,gnodengc@ehow.com,1,19/04/2017,300.84
590,Rev,Tess,Warre,twarregd@bloglines.com,7,22/11/2017,225.97
591,Mr,Chaim,Ludlom,cludlomge@themeforest.net,1,25/09/2017,373.77
592,Ms,Bernadette,Frenzl,bfrenzlgf@soundcloud.com,8,13/03/2017,156.73
593,Honorable,Jamima,Denisot,jdenisotgg@sohu.com,7,06/04/2017,323.71
594,Mr,Urson,Broy,ubroygh@shareasale.com,2,20/05/2017,986.62
595,Mr,Dicky,Giraudel,dgiraudelgi@skype.com,3,14/09/2017,202.43
596,Ms,Francesca,Saffle,fsafflegj@indiegogo.com,5,18/05/2017,999.43
597,Ms,Robbyn,Straffon,rstraffongk@ning.com,5,09/10/2017,403.82
598,Mr,Orelee,Rylands,orylandsgl@tinypic.com,2,13/03/2017,137.55
599,Mr,Tod,Pearn,tpearngm@bandcamp.com,7,04/02/2017,277.25
600,Ms,Chrisse,Pache,cpachegn@so-net.ne.jp,7,10/08/2017,459.4
601,Honorable,Eadmund,Swinbourne,eswinbournego@twitter.com,6,24/11/2017,389.01
602,Mrs,Rachael,Hellen,rhellengp@nba.com,7,07/01/2017,378.6
603,Mrs,Vita,Bissill,vbissillgq@wikipedia.org,4,18/05/2017,521.6
604,Mrs,Ned,Erdely,nerdelygr@ucoz.com,3,21/11/2017,257.12
605,Mrs,Adrea,Stivani,astivanigs@nyu.edu,9,17/05/2017,488.03
606,Ms,Orrin,Faber,ofabergt@dyndns.org,5,21/09/2017,243.13
607,Rev,Susi,Verni,svernigu@bigcartel.com,6,04/10/2017,527.75
608,Honorable,Ami,Kolakovic,akolakovicgv@t-online.de,3,14/10/2017,607.78
609,Dr,Demetra,Gorioli,dgorioligw@elegantthemes.com,4,28/10/2017,723.29
610,Honorable,Sibylla,Bollom,sbollomgx@vistaprint.com,4,29/12/2017,818.48
611,Dr,Craig,Gutteridge,cgutteridgegy@1und1.de,4,17/02/2017,480.59
612,Mrs,Bren,McCane,bmccanegz@answers.com,10,22/04/2017,703.52
613,Rev,Sara,Hegley,shegleyh0@eepurl.com,7,10/01/2017,560.99
614,Mrs,Willetta,Raatz,wraatzh1@bbc.co.uk,7,29/06/2017,591.01
615,Mr,Jessie,Fossett,jfossetth2@hp.com,10,31/07/2017,988.91
616,Ms,Dannel,Fumagalli,dfumagallih3@w3.org,8,05/05/2017,346.91
617,Rev,Izaak,Eake,ieakeh4@hp.com,10,02/08/2017,99.63
618,Dr,Randolph,Rykert,rrykerth5@utexas.edu,3,09/06/2017,386.8
619,Ms,Dorey,Eddisford,deddisfordh6@disqus.com,4,17/01/2017,387.54
620,Mr,Wakefield,Balfe,wbalfeh7@dailymotion.com,3,23/07/2017,751.46
621,Honorable,Kyla,Hiseman,khisemanh8@booking.com,5,13/05/2017,420.53
622,Ms,Jasen,Preshous,jpreshoush9@google.com,9,30/04/2017,788.5
623,Mr,Romain,Chadwen,rchadwenha@woothemes.com,1,24/04/2017,368.28
624,Honorable,Torre,O'Sheeryne,tosheerynehb@mozilla.com,6,30/04/2017,370.98
625,Honorable,Reggie,Barock,rbarockhc@arstechnica.com,3,27/03/2017,461.47
626,Ms,Burch,Easman,beasmanhd@4shared.com,4,20/01/2017,193.2
627,Honorable,Creight,Muckleston,cmucklestonhe@nhs.uk,7,24/04/2017,456.75
628,Mrs,Simone,Gravenall,sgravenallhf@cpanel.net,1,05/05/2017,447.78
629,Honorable,Frayda,Coxon,fcoxonhg@berkeley.edu,2,18/01/2017,186.39
630,Rev,Marijo,Iannuzzelli,miannuzzellihh@intel.com,5,14/06/2017,557.91
631,Mrs,Concordia,O'Cahill,cocahillhi@intel.com,9,15/12/2017,414.73
632,Mr,Andie,Murray,amurrayhj@ovh.net,10,02/08/2017,913.5
633,Mrs,Kelbee,Clawson,kclawsonhk@columbia.edu,9,05/11/2017,839.16
634,Ms,Vin,Blase,vblasehl@soundcloud.com,3,21/10/2017,768.2
635,Rev,Gaspar,Seleway,gselewayhm@myspace.com,1,30/06/2017,486.34
636,Honorable,Tana,Suett,tsuetthn@usnews.com,7,12/06/2017,877.85
637,Honorable,Ingunna,Frude,ifrudeho@51.la,2,15/11/2017,17.43
638,Dr,Othello,Huchot,ohuchothp@craigslist.org,3,06/06/2017,571.91
639,Ms,Ellis,McGavin,emcgavinhq@nifty.com,1,07/12/2017,491.41
640,Rev,Bernita,Mangenet,bmangenethr@buzzfeed.com,1,06/05/2017,253.99
641,Honorable,Marlo,Mozzini,mmozzinihs@huffingtonpost.com,4,03/02/2017,532.65
642,Ms,Essa,Wheeler,ewheelerht@creativecommons.org,2,25/09/2017,168.59
643,Mr,Andriette,Zucker,azuckerhu@wix.com,6,19/08/2017,687.26
644,Rev,Connie,Gerok,cgerokhv@hao123.com,10,29/01/2017,430.68
645,Ms,Silvio,Rozenbaum,srozenbaumhw@nyu.edu,1,19/10/2017,417.48
646,Mr,Nadine,Farnill,nfarnillhx@ycombinator.com,2,07/02/2017,884.5
647,Rev,Marion,Quigley,mquigleyhy@walmart.com,10,27/09/2017,880.43
648,Dr,Calvin,Scandrick,cscandrickhz@flavors.me,7,14/09/2017,599.03
649,Ms,Cecelia,Scutt,cscutti0@senate.gov,2,07/10/2017,340.75
650,Mrs,Tilda,Patterfield,tpatterfieldi1@mtv.com,10,07/04/2017,503.47
651,Mr,Zahara,Cuppleditch,zcuppleditchi2@g.co,1,12/06/2017,681.9
652,Mrs,Abagael,Levett,alevetti3@arstechnica.com,6,02/12/2017,508.09
653,Ms,Aurlie,Mc Gee,amcgeei4@usnews.com,1,07/01/2017,317.06
654,Mrs,Curcio,Winchurst,cwinchursti5@google.fr,10,18/06/2017,971.6
655,Dr,Emmott,Castellan,ecastellani6@pcworld.com,10,07/08/2017,364.04
656,Honorable,Parry,Cosford,pcosfordi7@umich.edu,7,26/12/2017,95.86
657,Ms,Lianne,Dwelley,ldwelleyi8@state.gov,8,17/08/2017,176.97
658,Ms,Valma,Halden,vhaldeni9@phpbb.com,1,30/01/2017,934.18
659,Mrs,Bruis,Stopher,bstopheria@xing.com,4,07/03/2017,103.12
660,Dr,Ruggiero,Dunkinson,rdunkinsonib@japanpost.jp,10,28/05/2017,10.41
661,Mrs,Giselle,Jinkinson,gjinkinsonic@dailymail.co.uk,9,26/08/2017,714.1
662,Mr,Susie,Fawlks,sfawlksid@purevolume.com,8,18/11/2017,132.91
663,Ms,Hailee,Silwood,hsilwoodie@cnet.com,4,19/04/2017,388.7
664,Mr,Mattheus,Johnson,mjohnsonif@drupal.org,5,05/11/2017,327.34
665,Honorable,Al,Joselevitz,ajoselevitzig@fc2.com,3,17/11/2017,19.35
666,Mr,Mitch,Mayman,mmaymanih@infoseek.co.jp,3,14/05/2017,995.45
667,Rev,Jackquelin,Brokenshire,jbrokenshireii@goo.ne.jp,2,18/01/2017,330.15
668,Rev,Ring,MacCathay,rmaccathayij@ucla.edu,6,28/08/2017,711.4
669,Mrs,Nicolette,Qualtrough,nqualtroughik@smugmug.com,1,27/01/2017,172
670,Mrs,Albertina,Tills,atillsil@ted.com,4,24/04/2017,109.24
671,Mr,Burk,Deuss,bdeussim@irs.gov,9,02/03/2017,280.61
672,Rev,Leah,Senior,lseniorin@sogou.com,7,03/06/2017,194.54
673,Mrs,Colin,Pierton,cpiertonio@skyrock.com,6,18/05/2017,740.19
674,Honorable,Karlis,Dinnage,kdinnageip@list-manage.com,8,19/07/2017,350.65
675,Ms,Amalle,Matis,amatisiq@ca.gov,4,26/05/2017,661.77
676,Rev,Danna,Deniset,ddenisetir@exblog.jp,1,15/05/2017,85.4
677,Mrs,Calida,Pinke,cpinkeis@examiner.com,1,23/02/2017,985.89
678,Honorable,Karlen,Jorgesen,kjorgesenit@accuweather.com,3,26/10/2017,587.07
679,Mrs,Tybalt,Goracci,tgoracciiu@ft.com,4,27/06/2017,742.1
680,Dr,Yard,Brenneke,ybrennekeiv@bravesites.com,9,01/09/2017,132.88
681,Honorable,Amii,Rable,arableiw@craigslist.org,5,15/02/2017,227.35
682,Dr,Waldo,Filby,wfilbyix@pinterest.com,3,14/08/2017,297.55
683,Mrs,Brietta,Ebbin,bebbiniy@qq.com,10,04/11/2017,141.86
684,Dr,Thaddeus,Hurll,thurlliz@studiopress.com,1,30/10/2017,981.78
685,Honorable,Corri,Nortunen,cnortunenj0@t-online.de,10,28/07/2017,858.67
686,Honorable,Jerrome,Carryer,jcarryerj1@sphinn.com,5,26/05/2017,908.56
687,Mr,Melina,Slader,msladerj2@meetup.com,6,22/06/2017,579.32
688,Ms,Tilda,Castello,tcastelloj3@storify.com,6,22/09/2017,488.56
689,Dr,Bertrando,Trewhitt,btrewhittj4@umich.edu,7,13/09/2017,648.08
690,Mr,Bobby,McLaggan,bmclagganj5@canalblog.com,2,18/03/2017,780.25
691,Dr,Svend,Fleckno,sflecknoj6@tiny.cc,5,13/01/2017,343.55
692,Honorable,Tiphani,Wiggam,twiggamj7@posterous.com,5,27/02/2017,119.2
693,Honorable,Anjela,Schnitter,aschnitterj8@scientificamerican.com,7,24/12/2017,883.88
694,Mr,Davidson,Noell,dnoellj9@ca.gov,3,15/01/2017,963.95
695,Ms,Stavro,Dunks,sdunksja@vinaora.com,5,15/07/2017,802.56
696,Rev,Norri,Thumim,nthumimjb@deviantart.com,8,28/10/2017,643.55
697,Honorable,Pepita,Bilt,pbiltjc@reuters.com,2,19/06/2017,471.88
698,Mrs,Kata,Bernat,kbernatjd@salon.com,6,03/12/2017,464.25
699,Ms,Osmond,Vaughton,ovaughtonje@state.tx.us,2,24/02/2017,79.18
700,Mr,Jennette,Settle,jsettlejf@vinaora.com,10,12/12/2017,24.15
701,Dr,Lane,Cripps,lcrippsjg@businessinsider.com,3,20/12/2017,562.66
702,Mrs,Arabele,Gurden,agurdenjh@fc2.com,9,03/09/2017,796.99
703,Rev,Dolley,Piesing,dpiesingji@deliciousdays.com,5,30/07/2017,979.1
704,Rev,Berty,Rickman,brickmanjj@state.tx.us,4,22/09/2017,508.5
705,Rev,Arron,Stigell,astigelljk@example.com,4,05/02/2017,548.86
706,Ms,Daisey,Sapsed,dsapsedjl@un.org,7,06/09/2017,165.67
707,Honorable,Myra,O'Cleary,moclearyjm@icq.com,2,04/05/2017,496.01
708,Ms,Daryl,Ecles,declesjn@hp.com,8,10/12/2017,919.87
709,Mrs,Anthea,Lovett,alovettjo@linkedin.com,10,28/06/2017,823.69
710,Mrs,Shell,Philippault,sphilippaultjp@umn.edu,9,11/03/2017,967.42
711,Rev,Lena,Angelini,langelinijq@4shared.com,6,26/01/2017,520.09
712,Mrs,Netti,Stovold,nstovoldjr@home.pl,10,14/08/2017,599.33
713,Ms,Barnie,Emanuele,bemanuelejs@irs.gov,2,14/04/2017,13.28
714,Dr,Brinn,Librey,blibreyjt@sfgate.com,8,15/07/2017,29.93
715,Honorable,Neil,Duberry,nduberryju@fc2.com,3,01/12/2017,879.43
716,Dr,Kevon,Foux,kfouxjv@tripod.com,9,11/10/2017,654.28
717,Dr,Andi,Suthworth,asuthworthjw@google.co.jp,4,25/02/2017,191.5
718,Rev,Dur,Tonbridge,dtonbridgejx@cornell.edu,4,23/08/2017,679.61
719,Mrs,Etta,Michel,emicheljy@netlog.com,7,04/11/2017,442.25
720,Dr,Liva,Yesichev,lyesichevjz@reference.com,5,18/01/2017,461.71
721,Ms,Hy,Jearum,hjearumk0@rakuten.co.jp,5,16/08/2017,194.91
722,Ms,Tommie,Le Estut,tleestutk1@vistaprint.com,3,30/12/2017,610.86
723,Honorable,Layla,Castillo,lcastillok2@github.com,5,25/06/2017,201.78
724,Honorable,Cherish,Kenewel,ckenewelk3@slate.com,10,12/07/2017,596.54
725,Honorable,Gillan,Eatherton,geathertonk4@netscape.com,7,07/06/2017,814.12
726,Mrs,Grace,Dober,gdoberk5@artisteer.com,10,22/05/2017,861.99
727,Rev,Zilvia,Kielty,zkieltyk6@1und1.de,10,20/01/2017,429.36
728,Mrs,Carolee,Rego,cregok7@unesco.org,4,12/12/2017,706.09
729,Mr,Idell,Scopyn,iscopynk8@clickbank.net,1,16/06/2017,471.46
730,Honorable,Katlin,Raisher,kraisherk9@elpais.com,4,18/09/2017,62.28
731,Rev,Joli,Holson,jholsonka@goo.ne.jp,1,11/08/2017,80.93
732,Ms,Laura,Kob,lkobkb@economist.com,5,07/12/2017,664.39
733,Dr,Alika,Chadburn,achadburnkc@etsy.com,6,18/02/2017,324.86
734,Mr,Bette,Kaszper,bkaszperkd@newyorker.com,8,09/05/2017,666.01
735,Ms,Fonzie,O' Mullan,fomullanke@nbcnews.com,8,20/12/2017,882.59
736,Ms,Bondy,Lukacs,blukacskf@nih.gov,3,05/08/2017,463.95
737,Dr,Orly,Espinas,oespinaskg@list-manage.com,6,24/05/2017,587.76
738,Ms,Andrej,Garton,agartonkh@bravesites.com,8,24/06/2017,234.02
739,Rev,Alric,Noir,anoirki@ebay.com,9,02/08/2017,344.94
740,Mr,Prentiss,Brymham,pbrymhamkj@unesco.org,6,14/04/2017,669.76
741,Dr,Edita,Thurling,ethurlingkk@about.com,1,11/04/2017,445.06
742,Mrs,Donica,Sixsmith,dsixsmithkl@skype.com,1,23/11/2017,77.91
743,Honorable,Audrie,Darington,adaringtonkm@npr.org,1,29/11/2017,740.62
744,Mr,Marijn,Lude,mludekn@i2i.jp,1,24/08/2017,374.09
745,Mr,Neilla,Maccrie,nmaccrieko@bloomberg.com,8,29/08/2017,194.66
746,Honorable,Tallulah,Gudyer,tgudyerkp@pen.io,1,30/04/2017,273.54
747,Mrs,Gregor,Mariette,gmariettekq@huffingtonpost.com,2,09/03/2017,298.1
748,Mr,Kellie,Dommett,kdommettkr@taobao.com,2,11/09/2017,999.28
749,Honorable,Clementius,Queyeiro,cqueyeiroks@csmonitor.com,8,13/02/2017,623.45
750,Mrs,Randa,Denerley,rdenerleykt@oakley.com,10,25/09/2017,787.03
751,Mr,Trude,Border,tborderku@etsy.com,4,31/10/2017,334.86
752,Rev,Gilli,Ledford,gledfordkv@cdc.gov,1,31/03/2017,537.5
753,Dr,Herb,Ortelt,horteltkw@forbes.com,10,08/11/2017,192.12
754,Rev,Cliff,Ciric,ccirickx@ifeng.com,8,25/10/2017,442.92
755,Mr,Halette,Blasing,hblasingky@mashable.com,4,18/08/2017,604.55
756,Dr,Savina,Shekle,ssheklekz@webeden.co.uk,5,11/04/2017,518.73
757,Dr,Stephanus,Roggeman,sroggemanl0@squidoo.com,1,20/06/2017,714.98
758,Rev,Minda,Pareman,mparemanl1@yellowbook.com,2,06/01/2017,583.89
759,Mrs,Kasper,Gueinn,kgueinnl2@qq.com,4,19/07/2017,440.25
760,Ms,Adriana,Featherstonehaugh,afeatherstonehaughl3@jalbum.net,2,06/11/2017,533.94
761,Dr,Seline,Simoneton,ssimonetonl4@princeton.edu,5,06/12/2017,98.86
762,Ms,Dominik,Ebbage,debbagel5@51.la,4,20/08/2017,136.59
763,Mr,Derby,Ackwood,dackwoodl6@blogspot.com,4,09/08/2017,892.79
764,Rev,Clio,Spellissy,cspellissyl7@soup.io,1,20/09/2017,244.05
765,Rev,Zsazsa,Gallihaulk,zgallihaulkl8@craigslist.org,6,30/01/2017,300.32
766,Mr,Ashley,Dumpleton,adumpletonl9@odnoklassniki.ru,3,22/02/2017,913.24
767,Mr,Wittie,Hanniger,whannigerla@discovery.com,9,25/08/2017,680.65
768,Rev,Mickie,Iglesias,miglesiaslb@bbc.co.uk,2,08/06/2017,342.83
769,Dr,Minor,Diperaus,mdiperauslc@tuttocitta.it,3,15/08/2017,143.35
770,Dr,Bonnibelle,South,bsouthld@pen.io,10,04/06/2017,197.97
771,Honorable,Bibbie,Dowden,bdowdenle@wp.com,9,25/07/2017,551.41
772,Rev,Huberto,Shingfield,hshingfieldlf@issuu.com,7,03/02/2017,781.22
773,Dr,Cyril,Farrin,cfarrinlg@dailymotion.com,5,07/02/2017,163.46
774,Dr,Cully,Filkin,cfilkinlh@cdc.gov,8,06/08/2017,150.46
775,Mrs,Robbie,Tunney,rtunneyli@jiathis.com,5,10/05/2017,595.74
776,Ms,Juliette,Blewitt,jblewittlj@narod.ru,9,11/12/2017,576.7
777,Rev,Elayne,Cammoile,ecammoilelk@skyrock.com,2,10/08/2017,37.18
778,Dr,Augustine,Mackro,amackroll@cloudflare.com,9,27/07/2017,869.69
779,Mrs,Charmain,Fugere,cfugerelm@ezinearticles.com,1,26/10/2017,64.38
780,Honorable,Hewie,Dudny,hdudnyln@nbcnews.com,5,02/12/2017,944.8
781,Rev,Ulberto,Babinski,ubabinskilo@japanpost.jp,9,08/11/2017,513
782,Honorable,Georgena,Lobe,globelp@craigslist.org,9,14/12/2017,583.94
783,Mr,Harman,Sizland,hsizlandlq@webeden.co.uk,4,16/07/2017,515.86
784,Dr,Adolph,Musso,amussolr@intel.com,4,06/05/2017,722.53
785,Mrs,Royce,O' Connell,roconnellls@nydailynews.com,6,16/08/2017,75.29
786,Ms,Shellie,Chandlar,schandlarlt@nih.gov,7,11/03/2017,911.77
787,Dr,Dene,Rice,dricelu@desdev.cn,1,23/05/2017,359.06
788,Rev,Ashby,Sherburn,asherburnlv@google.pl,9,30/10/2017,90.75
789,Rev,Hestia,Billings,hbillingslw@shop-pro.jp,5,24/07/2017,562.03
790,Dr,Massimiliano,Torrent,mtorrentlx@squidoo.com,5,10/05/2017,803.42
791,Ms,Lucais,Kenyon,lkenyonly@state.gov,6,28/01/2017,18.94
792,Rev,Vito,Stonhard,vstonhardlz@ovh.net,9,04/04/2017,784.91
793,Honorable,Devonna,Lehrer,dlehrerm0@networkadvertising.org,5,02/05/2017,834.57
794,Ms,Imogen,Wrack,iwrackm1@google.com.au,4,17/12/2017,720.97
795,Honorable,Silas,Keasey,skeaseym2@vinaora.com,9,12/09/2017,505.48
796,Honorable,Shurlock,MacKeig,smackeigm3@msn.com,1,21/12/2017,594.54
797,Honorable,Korella,Southeran,ksoutheranm4@kickstarter.com,1,05/03/2017,952.12
798,Honorable,Glenda,Wogan,gwoganm5@rakuten.co.jp,3,26/09/2017,2.85
799,Mrs,Blythe,Van Ross,bvanrossm6@reuters.com,1,25/05/2017,331.45
800,Rev,Zia,Luck,zluckm7@stumbleupon.com,8,08/01/2017,829.86
801,Mr,Wildon,Mackness,wmacknessm8@tripod.com,3,03/03/2017,423.23
802,Dr,Francene,Demann,fdemannm9@ask.com,7,26/07/2017,613.63
803,Ms,West,Tinman,wtinmanma@nasa.gov,5,25/06/2017,638.98
804,Rev,Roi,Eydel,reydelmb@behance.net,2,11/05/2017,613.96
805,Honorable,Casar,Haldene,chaldenemc@engadget.com,5,09/02/2017,638.88
806,Honorable,Calley,Castellucci,ccastelluccimd@kickstarter.com,3,12/01/2017,396
807,Rev,Haley,Codi,hcodime@narod.ru,3,28/09/2017,144.24
808,Mrs,Web,Mettrick,wmettrickmf@usgs.gov,8,04/08/2017,574.8
809,Mrs,Manny,Hubbold,mhubboldmg@scribd.com,10,25/12/2017,547.27
810,Rev,Debi,Mickleborough,dmickleboroughmh@google.com.au,10,17/08/2017,829.75
811,Dr,Homere,Kobpac,hkobpacmi@usda.gov,3,14/10/2017,990.5
812,Mrs,Thekla,Goodlip,tgoodlipmj@comcast.net,2,21/08/2017,806.12
813,Honorable,Ruddie,Shieber,rshiebermk@earthlink.net,4,24/05/2017,793.45
814,Mrs,Patten,Scouse,pscouseml@liveinternet.ru,1,04/06/2017,489.03
815,Mrs,Joanne,Fishpool,jfishpoolmm@go.com,3,15/08/2017,327.56
816,Mrs,Saul,Durnell,sdurnellmn@mayoclinic.com,10,20/05/2017,638.65
817,Mr,Camel,Wathen,cwathenmo@wp.com,3,28/10/2017,351.73
818,Rev,Emlyn,Lathan,elathanmp@pinterest.com,5,19/04/2017,579.52
819,Mrs,Bab,Franceschi,bfranceschimq@yahoo.com,6,02/09/2017,379.23
820,Rev,Graehme,Osbourne,gosbournemr@reverbnation.com,8,05/06/2017,383.43
821,Mr,Rey,Obington,robingtonms@berkeley.edu,8,14/03/2017,481.45
822,Ms,Kristal,Husthwaite,khusthwaitemt@bbc.co.uk,1,08/09/2017,64.25
823,Ms,Jerrome,Schumacher,jschumachermu@xrea.com,6,04/06/2017,638.26
824,Honorable,Leisha,Calken,lcalkenmv@pcworld.com,7,28/09/2017,771.35
825,Rev,Edeline,Bragge,ebraggemw@cbsnews.com,9,27/07/2017,447.52
826,Ms,Rodney,Grimshaw,rgrimshawmx@paypal.com,10,22/07/2017,103.93
827,Dr,Hadrian,Stevens,hstevensmy@cpanel.net,7,10/03/2017,339.09
828,Rev,Wayland,Edmand,wedmandmz@soundcloud.com,3,13/01/2017,425.2
829,Honorable,Kali,Riddler,kriddlern0@tamu.edu,2,29/09/2017,450.22
830,Mr,Gregoire,Oven,govenn1@yolasite.com,9,07/06/2017,318.14
831,Honorable,Spence,Kenningham,skenninghamn2@google.de,7,16/04/2017,774.1
832,Mr,Robby,Corkett,rcorkettn3@com.com,9,25/05/2017,156.68
833,Honorable,Janeczka,Goadsby,jgoadsbyn4@state.tx.us,10,30/08/2017,524.87
834,Ms,Ricardo,Stringman,rstringmann5@google.com.hk,3,04/06/2017,951.38
835,Mrs,Elicia,Golbourn,egolbournn6@vkontakte.ru,5,22/03/2017,297.93
836,Dr,Smitty,Payze,spayzen7@bbc.co.uk,4,24/07/2017,929.78
837,Mrs,Olga,Westfalen,owestfalenn8@google.it,5,17/08/2017,438.19
838,Mr,Dimitri,Aldie,daldien9@bloglovin.com,10,01/02/2017,424.95
839,Honorable,Siana,Karlolczak,skarlolczakna@hc360.com,7,01/08/2017,778.46
840,Mr,Issie,Walentynowicz,iwalentynowicznb@t-online.de,2,20/01/2017,553.87
841,Honorable,Lory,Teacy,lteacync@wisc.edu,8,12/02/2017,888.15
842,Dr,Evered,Ida,eidand@twitpic.com,6,22/06/2017,142.36
843,Mrs,Orsola,Mabson,omabsonne@springer.com,1,26/07/2017,317.81
844,Ms,Wilhelmina,MacBarron,wmacbarronnf@example.com,10,18/02/2017,541.14
845,Mrs,Finn,Welden,fweldenng@cloudflare.com,6,21/06/2017,308.41
846,Rev,Hildy,Darnody,hdarnodynh@forbes.com,8,15/04/2017,169.93
847,Mrs,Mala,Ingarfield,mingarfieldni@microsoft.com,1,03/06/2017,340.18
848,Mr,Eleonore,Shackesby,eshackesbynj@craigslist.org,3,16/01/2017,89.87
849,Mrs,Ax,Darlow,adarlownk@wp.com,3,01/09/2017,571.26
850,Mrs,Josey,De Filippo,jdefilipponl@bloglovin.com,6,14/10/2017,996.74
851,Mr,Sarena,Matuschek,smatuscheknm@nasa.gov,7,17/06/2017,125.15
852,Ms,Elvina,Carefull,ecarefullnn@paypal.com,2,02/02/2017,107.43
853,Ms,Bartlett,Comer,bcomerno@google.com.hk,10,11/11/2017,649.28
854,Rev,Tedd,Sone,tsonenp@howstuffworks.com,2,11/03/2017,566.84
855,Mr,Oliviero,Emeline,oemelinenq@lycos.com,10,04/10/2017,774.36
856,Mr,Merrick,Terbruggen,mterbruggennr@deliciousdays.com,7,08/12/2017,722.8
857,Rev,Burtie,Longthorne,blongthornens@bloglines.com,3,07/01/2017,177.59
858,Ms,Kennett,Esparza,kesparzant@ebay.com,10,18/01/2017,594.83
859,Honorable,Karlotte,Wolsey,kwolseynu@simplemachines.org,7,30/05/2017,998.54
860,Ms,Renate,Le Grice,rlegricenv@vinaora.com,9,21/11/2017,604.86
861,Dr,Sarajane,Buttrick,sbuttricknw@craigslist.org,3,12/04/2017,489.75
862,Dr,Georgie,Garralts,ggarraltsnx@friendfeed.com,3,26/05/2017,330.11
863,Dr,Perice,Records,precordsny@163.com,10,01/04/2017,620.52
864,Ms,Tore,Haruard,tharuardnz@who.int,5,22/04/2017,818.18
865,Ms,Nicoli,Footer,nfootero0@wix.com,8,04/01/2017,902.51
866,Mr,Tallie,Haward,thawardo1@washingtonpost.com,2,10/10/2017,638.08
867,Ms,Cyndi,Topham,ctophamo2@mlb.com,7,16/10/2017,856.65
868,Mr,Melisse,Doag,mdoago3@fastcompany.com,5,19/02/2017,801.29
869,Honorable,Edie,Domniney,edomnineyo4@bluehost.com,4,19/01/2017,804.78
870,Mrs,Tuckie,Cholton,tcholtono5@oaic.gov.au,7,17/08/2017,209.75
871,Dr,Micah,Davio,mdavioo6@nbcnews.com,3,19/03/2017,769.74
872,Mrs,Pate,MacCole,pmaccoleo7@arizona.edu,9,13/06/2017,233.59
873,Dr,Fay,Bollen,fbolleno8@spiegel.de,3,26/01/2017,816.48
874,Dr,Josselyn,Casterou,jcasterouo9@privacy.gov.au,4,23/11/2017,557.44
875,Rev,Billie,Popplestone,bpopplestoneoa@huffingtonpost.com,5,30/06/2017,362.45
876,Ms,Haskell,Dimmick,hdimmickob@elpais.com,10,25/09/2017,990.37
877,Dr,Arlie,Tumility,atumilityoc@buzzfeed.com,3,20/11/2017,559.53
878,Honorable,Brana,Welden,bweldenod@rediff.com,6,16/12/2017,858.55
879,Ms,Shelden,Bennison,sbennisonoe@usatoday.com,2,27/01/2017,565.2
880,Ms,Felicdad,Tunn,ftunnof@yahoo.co.jp,1,18/06/2017,133.41
881,Rev,Washington,Garmanson,wgarmansonog@theglobeandmail.com,3,01/01/2017,345.55
882,Dr,Lynnette,Matashkin,lmatashkinoh@exblog.jp,6,05/02/2017,955.82
883,Ms,Cosette,Aksell,cakselloi@japanpost.jp,3,26/09/2017,256.36
884,Rev,Corilla,Cadany,ccadanyoj@ycombinator.com,2,15/09/2017,518.8
885,Dr,Myrtle,Faulks,mfaulksok@boston.com,3,12/10/2017,154.39
886,Mr,Scotty,Folk,sfolkol@ezinearticles.com,10,28/03/2017,54.4
887,Dr,Marge,Stolli,mstolliom@mozilla.org,3,17/10/2017,103.29
888,Ms,Jarid,Cornely,jcornelyon@wikimedia.org,10,13/12/2017,213.32
889,Mr,Tallulah,Gratten,tgrattenoo@mlb.com,4,19/08/2017,46.26
890,Rev,Cristen,Cartwight,ccartwightop@google.fr,9,30/09/2017,898.17
891,Mr,Benny,Berceros,bbercerosoq@yandex.ru,7,12/11/2017,265.19
892,Honorable,Barbi,Crippin,bcrippinor@paypal.com,2,13/06/2017,102.97
893,Dr,Karin,Cameli,kcamelios@ox.ac.uk,1,17/11/2017,27.73
894,Ms,Alexi,Halpen,ahalpenot@npr.org,7,21/07/2017,390.96
895,Honorable,Avrit,Cudbertson,acudbertsonou@guardian.co.uk,5,22/11/2017,374.56
896,Mr,Broddy,Tremouille,btremouilleov@arstechnica.com,6,11/08/2017,308.31
897,Mr,Benjie,Rumsey,brumseyow@github.io,7,28/07/2017,556.06
898,Ms,Bethanne,Smullen,bsmullenox@comcast.net,7,24/09/2017,776.99
899,Mr,Cariotta,Gratton,cgrattonoy@dagondesign.com,1,31/10/2017,604.79
900,Mr,Marta,Ibbott,mibbottoz@abc.net.au,7,11/05/2017,163.64
901,Mrs,Alayne,Tonkinson,atonkinsonp0@homestead.com,7,24/01/2017,677.01
902,Ms,Grata,Bachellier,gbachellierp1@oracle.com,9,10/06/2017,882.78
903,Mr,Viviene,Sepey,vsepeyp2@woothemes.com,6,19/03/2017,760.54
904,Rev,Vilma,Mcimmie,vmcimmiep3@irs.gov,2,30/03/2017,855.25
905,Dr,Tresa,Rean,treanp4@nba.com,7,22/04/2017,415.56
906,Dr,Bary,Buckam,bbuckamp5@xinhuanet.com,8,05/07/2017,701.41
907,Honorable,Goraud,Curtayne,gcurtaynep6@gnu.org,3,18/12/2017,340.45
908,Mr,Yoshiko,Warr,ywarrp7@seattletimes.com,4,24/02/2017,675.04
909,Mrs,Clemmy,Salkild,csalkildp8@ucoz.ru,8,11/01/2017,989.71
910,Rev,Ki,Laugharne,klaugharnep9@alexa.com,2,28/12/2017,760.57
911,Mr,Vidovic,Tavernor,vtavernorpa@aboutads.info,10,18/04/2017,565.59
912,Ms,Germayne,Maciaszek,gmaciaszekpb@china.com.cn,2,27/07/2017,466.8
913,Mr,Thorndike,Awcoate,tawcoatepc@yellowpages.com,10,26/12/2017,404.21
914,Rev,Cassie,Emmet,cemmetpd@tumblr.com,3,13/03/2017,906.4
915,Honorable,Rich,Gilbart,rgilbartpe@123-reg.co.uk,10,03/11/2017,808.64
916,Rev,Roana,Leeman,rleemanpf@livejournal.com,5,27/10/2017,150.73
917,Mr,Andi,Berringer,aberringerpg@google.nl,2,23/12/2017,818.15
918,Dr,Farah,Adne,fadneph@elegantthemes.com,8,21/10/2017,919.65
919,Ms,Ann-marie,Paradin,aparadinpi@columbia.edu,2,26/01/2017,854.65
920,Dr,Pinchas,McDermott,pmcdermottpj@topsy.com,1,04/10/2017,270.33
921,Rev,Stevana,Butterfint,sbutterfintpk@a8.net,1,06/02/2017,695.31
922,Dr,Ynez,Koeppke,ykoeppkepl@uiuc.edu,10,28/08/2017,914.29
923,Ms,Estrellita,Kinglesyd,ekinglesydpm@instagram.com,6,22/06/2017,30.97
924,Rev,Sheila-kathryn,Della Scala,sdellascalapn@webs.com,7,18/11/2017,141.06
925,Honorable,Sauncho,Whapham,swhaphampo@imdb.com,5,04/07/2017,830.35
926,Mr,Samara,Bury,sburypp@squarespace.com,6,10/04/2017,437.25
927,Honorable,Trixi,Dyment,tdymentpq@timesonline.co.uk,3,30/10/2017,719.22
928,Mr,Rusty,Agus,raguspr@marriott.com,2,06/11/2017,259.83
929,Honorable,Masha,Ricco,mriccops@arstechnica.com,5,12/05/2017,313.63
930,Rev,Lawton,Gallichan,lgallichanpt@mit.edu,6,05/04/2017,719.11
931,Honorable,Jackie,Wills,jwillspu@weibo.com,7,15/01/2017,225.83
932,Dr,Minnaminnie,Dominiak,mdominiakpv@yelp.com,9,13/11/2017,486.93
933,Mr,Cassaundra,Shevels,cshevelspw@skype.com,4,17/11/2017,730.9
934,Ms,Delmore,Tape,dtapepx@techcrunch.com,6,17/01/2017,111.63
935,Mrs,Gilly,Brittlebank,gbrittlebankpy@about.com,7,01/01/2017,625.5
936,Ms,Justinian,Roydon,jroydonpz@instagram.com,9,16/06/2017,481.5
937,Mrs,Kitti,Siemandl,ksiemandlq0@amazon.com,10,04/02/2017,523.59
938,Dr,Sheila,Allatt,sallattq1@smh.com.au,3,22/09/2017,521.86
939,Dr,Brittan,Stanford,bstanfordq2@skype.com,4,25/01/2017,287.77
940,Rev,Stanford,Jerche,sjercheq3@cloudflare.com,6,11/02/2017,282.03
941,Ms,Matthew,Lansley,mlansleyq4@ustream.tv,7,08/05/2017,943.01
942,Honorable,Elsa,Furley,efurleyq5@example.com,6,19/05/2017,995.12
943,Rev,Dominga,Gillmore,dgillmoreq6@about.com,6,08/04/2017,247.8
944,Honorable,Danila,Bundy,dbundyq7@cbslocal.com,3,20/03/2017,870.28
945,Dr,Kalil,Jarrold,kjarroldq8@mozilla.org,8,13/01/2017,141.83
946,Honorable,Rici,Dash,rdashq9@imgur.com,2,04/12/2017,847.06
947,Mrs,Chip,Callicott,ccallicottqa@blogtalkradio.com,1,11/02/2017,699.98
948,Ms,Seline,Davenport,sdavenportqb@1688.com,3,12/08/2017,525.16
949,Rev,Aidan,Clifforth,aclifforthqc@themeforest.net,10,14/02/2017,23.06
950,Rev,Marthe,Widdison,mwiddisonqd@hibu.com,3,11/01/2017,989.99
951,Mrs,Tadd,Kubis,tkubisqe@1688.com,4,24/05/2017,991.02
952,Honorable,Cletus,Priddey,cpriddeyqf@tamu.edu,6,07/02/2017,603.86
953,Honorable,Quintin,Keetley,qkeetleyqg@ox.ac.uk,9,01/08/2017,678.77
954,Honorable,Les,Penhalewick,lpenhalewickqh@hugedomains.com,7,01/12/2017,658.05
955,Ms,Artus,Biddlecombe,abiddlecombeqi@chicagotribune.com,3,10/02/2017,568.51
956,Ms,Marcella,Duetschens,mduetschensqj@state.gov,3,26/09/2017,561.98
957,Mrs,Damian,Crosscombe,dcrosscombeqk@parallels.com,8,12/05/2017,959.39
958,Honorable,Virginie,Tyndall,vtyndallql@google.com.au,10,24/05/2017,851.5
959,Honorable,Jemie,Bernardot,jbernardotqm@mapy.cz,9,04/08/2017,422.83
960,Rev,Cherin,Murrell,cmurrellqn@nydailynews.com,1,05/08/2017,41.05
961,Mrs,Nahum,Bowes,nbowesqo@woothemes.com,6,28/05/2017,491.62
962,Dr,Lynnell,Auchterlonie,lauchterlonieqp@ucoz.ru,1,29/05/2017,184.02
963,Dr,Rem,Dust,rdustqq@latimes.com,6,22/12/2017,853.02
964,Mr,Luis,Wringe,lwringeqr@hc360.com,10,24/02/2017,884.37
965,Rev,Felicle,Haswell,fhaswellqs@livejournal.com,8,11/08/2017,347.66
966,Mrs,Tresa,O'Kinneally,tokinneallyqt@wsj.com,3,14/06/2017,573.04
967,Mr,Richmound,Choffin,rchoffinqu@mediafire.com,7,15/12/2017,373.47
968,Mr,Ermina,Rizzi,erizziqv@fc2.com,1,09/11/2017,427.05
969,Honorable,Forbes,Alan,falanqw@icq.com,2,17/05/2017,838.76
970,Mrs,Bertha,Tooth,btoothqx@cnbc.com,4,14/11/2017,786.79
971,Dr,Sergei,Salt,ssaltqy@businessweek.com,9,10/03/2017,468.7
972,Dr,Karlik,Darbyshire,kdarbyshireqz@imdb.com,6,14/10/2017,950.07
973,Ms,Marna,O' Driscoll,modriscollr0@com.com,1,01/05/2017,246.58
974,Mrs,Wendell,Klessmann,wklessmannr1@house.gov,8,22/06/2017,209.95
975,Dr,Perle,Gilliat,pgilliatr2@icq.com,2,14/11/2017,300.16
976,Rev,Tally,Wilhelmy,twilhelmyr3@pcworld.com,4,11/07/2017,974.82
977,Honorable,Garwood,Trusslove,gtrusslover4@last.fm,7,21/01/2017,238.79
978,Honorable,Maxim,McMakin,mmcmakinr5@va.gov,4,07/11/2017,864.5
979,Mr,Dorie,Ragge,dragger6@huffingtonpost.com,9,25/06/2017,714.79
980,Rev,Aimee,Biddlestone,abiddlestoner7@patch.com,10,16/03/2017,364.54
981,Ms,Shay,Jendrich,sjendrichr8@bbb.org,2,06/11/2017,685.78
982,Dr,Annis,Soonhouse,asoonhouser9@devhub.com,2,30/04/2017,924.29
983,Mr,Magdalen,Chatelain,mchatelainra@last.fm,5,24/11/2017,342.02
984,Honorable,Dell,Taggert,dtaggertrb@ucsd.edu,7,05/08/2017,704.38
985,Honorable,Rachel,Botterell,rbotterellrc@cdc.gov,7,09/02/2017,240.62
986,Mr,Marla,Furtado,mfurtadord@mozilla.com,7,01/01/2017,689.1
987,Dr,Delmar,Keggin,dkegginre@businessweek.com,4,13/04/2017,142.28
988,Mrs,Maud,Reimer,mreimerrf@census.gov,5,05/06/2017,770.75
989,Dr,Nat,Craythorne,ncraythornerg@discovery.com,1,06/08/2017,311.81
990,Rev,Caddric,des Remedios,cdesremediosrh@sina.com.cn,9,27/06/2017,397.22
991,Rev,Becka,Maggi,bmaggiri@twitpic.com,4,05/09/2017,913
992,Ms,Wait,Pentecost,wpentecostrj@auda.org.au,2,25/10/2017,930.41
993,Honorable,Saundra,Conre,sconrerk@histats.com,8,10/11/2017,47.03
994,Dr,Nikolia,Osipov,nosipovrl@qq.com,6,21/01/2017,614.06
995,Mr,Danette,Guyot,dguyotrm@latimes.com,6,16/05/2017,328.19
996,Ms,Dorey,Whyke,dwhykern@joomla.org,1,21/11/2017,20.45
997,Dr,Allix,Skegg,askeggro@rediff.com,3,09/11/2017,589.98
998,Dr,Lissi,Swyre,lswyrerp@independent.co.uk,8,06/03/2017,503.3
999,Honorable,Hussein,Fawloe,hfawloerq@themeforest.net,9,18/08/2017,366.28
1000,Rev,Maurizia,Courtman,mcourtmanrr@google.ca,5,07/10/2017,820.34
